Astana_argumentLatitude,Astana_semimajor,Astana_eccentricity,Astana_argumentPeriapsis,Astana_inclination,Astana_ascendingNode
1.30899693899575,6799999.99999999,0.5,0.523598775598299,0.890117918517108,1.0471975511966
1.4615472826035,6799895.33142305,0.500155188337991,0.522947624161667,0.89002708538189,1.04657540054404
1.6009145405966,6802744.19967034,0.50050038862018,0.522739134117989,0.89000959635914,1.04601357203821
1.72772258368107,6806942.38641553,0.500896688232288,0.522911365100556,0.89004465977887,1.04552923833631
1.84296943180486,6811400.72469124,0.501259852813169,0.523340402188728,0.89011288460312,1.04512498608132
1.94780522582854,6815517.39785962,0.501552099157443,0.523904914801036,0.890198996858174,1.04479491481294
2.04339177915854,6819034.20844561,0.501765278903972,0.524512516709575,0.890292192934733,1.04452933179211
2.1308247099126,6821895.44145346,0.501906463695903,0.525103150571416,0.890385439497929,1.04431766965148
2.21109716696168,6824147.01726143,0.501988603200834,0.525643032585624,0.890474509147854,1.04415001097284
2.28508851395427,6825875.4935466,0.502025461614162,0.526116693738628,0.890557107127164,1.04401772638909
2.35356664969553,6827175.50210551,0.502029322705323,0.526520170541934,0.890632196759524,1.0439136226157
2.41719694654392,6828134.54370513,0.502010230859842,0.526856075019134,0.890699520780154,1.04383185404036
2.47655375160475,6828827.32140802,0.501975978957652,0.527130351149655,0.890759279295773,1.04376774150621
2.53213226068317,6829314.83707979,0.501932401255877,0.527350284796867,0.890811921269638,1.04371757183048
2.58435968056907,6829645.58969941,0.501883748490946,0.527523359668077,0.8908580138069,1.04367841151105
2.63360521937214,6829857.49923963,0.501833045274888,0.527656650063998,0.890898162872164,1.04364794692771
2.68018877972005,6829979.90069555,0.501782393079823,0.527756538207795,0.890932967137645,1.0436243530634
2.72438839792252,6830035.33302117,0.5017332119421,0.52782861893475,0.890962992718727,1.04360618831191
2.76644654753622,6830041.03648736,0.50168642647691,0.527877706606103,0.890988760801923,1.04359231141365
2.80657545125877,6830010.15858145,0.501642605795772,0.527907893193368,0.891010743034559,1.043581816411
2.84496154524127,6829952.70317881,0.50160206713784,0.527922627942766,0.89102936143044,1.04357398193404
2.88176922830931,6829876.2672709,0.501564951781878,0.527924802166676,0.891044990766504,1.0435682317247
2.91714401251211,6829786.60796601,0.501531280181233,0.527916830554254,0.891057962226905,1.04356410390387
2.95121517462203,6829688.07670927,0.501500991718667,0.52790072496011,0.89106856754661,1.04356122701156
2.98409799247108,6829583.95094958,0.501473973172416,0.527878159205987,0.891077063218026,1.04355930128516
3.01589563606839,6829476.68721018,0.501450078946297,0.527850524819462,0.891083674517955,1.04355808398902
3.0467007714782,6829368.11418929,0.501429145318483,0.527818978328632,0.891088599231142,1.04355737788138
3.07659692536829,6829259.58020337,0.501411000362865,0.527784481030712,0.891092011018379,1.0435570221158
3.10565964976604,6829152.06589269,0.501395470750846,0.527747832232925,0.891094062419128,1.0435568850368
3.13395751964925,6829046.2704875,0.501382386312973,0.527709696930664,0.891094887502226,1.04355685845358
3.1615529903214,6828942.677928,0.501371582999324,0.527670628800533,0.891094604190392,1.04355685307101
3.18850313686658,6828841.60760892,0.501362904701979,0.527631089278513,0.89109331628959,1.04355679482947
3.21486029416759,6828743.25336663,0.501356204275089,0.527591463384156,0.891091115255568,1.04355662196113
3.24067261284828,6828647.71345627,0.501351343994966,0.527552072849506,0.891088081728894,1.04355628261267
3.26598454394132,6828555.01360832,0.501348195635007,0.527513187020405,0.891084286867589,1.04355573291723
3.29083726298094,6828465.12475707,0.501346640281054,0.527475031919032,0.891079793503703,1.04355493542402
3.31526904249193,6828377.97665711,0.501346567977034,0.527437797789513,0.891074657147306,1.04355385781305
3.33931558042184,6828293.46831871,0.501347877264781,0.527401645392308,0.891068926858533,1.04355247183801
3.36301029088772,6828211.47597604,0.501350474663032,0.527366711266341,0.891062646005702,1.04355075245194
3.3863845626356,6828131.85913719,0.501354274116925,0.527333112139237,0.891055852925146,1.04354867707962
3.40946798980423,6828054.4651385,0.50135919643941,0.527300948634212,0.891048581496311,1.04354622500769
3.43228857891503,6827979.1325293,0.50136516875878,0.527270308396051,0.891040861643778,1.04354337686937
3.45487293545255,6827905.69353848,0.501372123981379,0.527241268737177,0.891032719776311,1.04354011420484
3.47724643293608,6827833.97581759,0.501380000274808,0.527213898887277,0.891024179171611,1.04353641908219
3.49943336699608,6827763.80361016,0.501388740574259,0.527188261915541,0.891015260314283,1.04353227376621
3.5214570966473,6827694.99846291,0.501398292112742,0.527164416382812,0.891005981193516,1.04352766042483
3.54334017468253,6827627.37956777,0.501408605974554,0.527142417771249,0.890996357566099,1.04352256086467
3.56510446888882,6827560.76380193,0.501419636670396,0.52712231973119,0.89098640318968,1.04351695628829
3.58677127560475,6827494.96551734,0.501431341731848,0.527104175178365,0.890976130030576,1.04351082706715
3.60836142698748,6827429.79611712,0.501443681322355,0.52708803726922,0.890965548449909,1.04350415252481
3.62989539323757,6827365.06344628,0.501456617861541,0.527073960277679,0.89095466737145,1.04349691072578
3.65139338093378,6827300.5710151,0.501470115659286,0.527062000392976,0.890943494434204,1.04348907826565
3.6728754285578,6827236.11706688,0.501484140555739,0.52705221645508,0.890932036132506,1.04348063005873
3.69436150023633,6827171.49349528,0.501498659563158,0.527044670641657,0.890920297946211,1.04347153911938
3.71587157869557,6827106.484612,0.501513640505117,0.52703942911825,0.890908284463407,1.04346177633352
3.73742575840837,6827040.86576042,0.501529051648317,0.527036562661419,0.890895999498029,1.04345131021674
3.7590443399179,6826974.40176741,0.501544861321774,0.527036147262801,0.890883446204736,1.04344010665532
3.78074792634309,6826906.84522136,0.501561037517685,0.527038264720399,0.890870627193442,1.04342812862646
3.80255752311116,6826837.93456135,0.501577547467656,0.527043003221753,0.890857544646055,1.0434153358936
3.82449464202234,6826767.39195881,0.50159435718727,0.52705045792197,0.890844200438139,1.04340168467256
3.84658141083295,6826694.92097011,0.501611430981099,0.527060731517675,0.890830596268511,1.0433871272636
3.86884068964788,6826620.20393526,0.501628730899237,0.527073934815807,0.890816733800153,1.04337161164438
3.89129619554477,6826542.89909538,0.50164621613525,0.527090187293595,0.890802614816341,1.04335508101771
3.9139726370144,6826462.63739911,0.501663842353949,0.527109617642817,0.890788241396483,1.04333747330764
3.93689585999857,6826379.01896625,0.5016815609358,0.527132364287423,0.890773616117022,1.04331872059649
3.96009300754553,6826291.60917666,0.50169931812279,0.527158575858435,0.890758742283707,1.04329874849442
3.98359269538976,6826199.93435275,0.501717054048358,0.527188411603339,0.890743624202858,1.04327747543204
4.00742520610785,6826103.4770078,0.501734701631476,0.527222041698511,0.890728267500787,1.04325481186539
4.03162270491575,6826001.67063917,0.501752185312086,0.527259647421866,0.890712679502541,1.04323065938115
4.05621948066902,6825893.89405844,0.501769419601968,0.527301421128107,0.890696869683586,1.04320490968822
4.08125221622392,6825779.46527141,0.501786307421746,0.527347565949409,0.89068085021112,1.04317744348045
4.10676029303372,6825657.63495442,0.501802738191258,0.527398295118801,0.890664636595583,1.04314812915295
4.13278613571756,6825527.57962444,0.501818585637202,0.527453830779767,0.890648248477741,1.04311682135297
4.15937560338078,6825388.39467752,0.501833705279193,0.52751440210109,0.890631710582785,1.0430833593439
4.18657843572403,6825239.08758521,0.501847931553889,0.527580242457311,0.890615053880513,1.04304756515973
4.21444876350342,6825078.57170845,0.501861074537619,0.527651585357615,0.890598317000241,1.04300924152552
4.2430456947544,6824905.66143738,0.501872916232957,0.527728658703499,0.890581547961157,1.04296816951916
4.27243399044185,6824719.06973136,0.501883206396383,0.527811676820133,0.89056480629404,1.04292410595069
4.30268484593855,6824517.40966629,0.501891657907092,0.5279008295273,0.8905481656494,1.04287678043872
4.33387679807348,6824299.20237455,0.50189794171751,0.527996267279653,0.89053171701114,1.04282589217087
4.36609678156426,6824062.8948984,0.501901681494358,0.528098081095064,0.890515572664977,1.04277110634872
4.39944136361259,6823806.89313341,0.5019024481707,0.528206275582289,0.890499871108374,1.04271205034067
4.43401819148469,6823529.61745616,0.501899754807973,0.528320732848529,0.890484783135065,1.04264830960415
4.46994769522911,6823229.59216025,0.501893052448757,0.528441164383822,0.890470519383631,1.04257942349868
4.50736509652491,6822905.58497995,0.50188172808102,0.528567047152716,0.890457339706749,1.0425048812058
4.54642278521484,6822556.82050324,0.501865106515858,0.528697539053604,0.890445564794794,1.04242411811745
4.58729313750375,6822183.3022334,0.501842459028191,0.5288313676403,0.890435590570472,1.04233651327742
4.6301718640675,6821786.29395225,0.501813023208349,0.528966684615043,0.890427905949753,1.04224138879791
4.67528199203227,6821369.03392882,0.501776040891026,0.52910087732043,0.890423114615844,1.04213801268188
4.72287860084523,6820937.78807917,0.501730824645816,0.529230327798558,0.89042196143239,1.04202560723876
4.77325444601964,6820503.39355772,0.501676868636831,0.529350111040728,0.890425363943301,1.0419033663983
4.8267466117108,6820083.50530857,0.501614027296609,0.529453628984062,0.890434448911217,1.04177048684711
4.88374432381725,6819705.83521586,0.501542795776022,0.529532189728027,0.890450592749362,1.04162622020979
4.94469801293708,6819412.75909868,0.501464739592562,0.52957456982922,0.890475462503462,1.04146995663138
5.01012961111009,6819267.73284874,0.501383135706342,0.529566654418593,0.890511049892898,1.04130135412828
5.08064384605899,6819363.93019019,0.501303897467017,0.529491356534678,0.89055968344123,1.04112053258275
5.15693987457402,6819835.21489494,0.501236845560929,0.529329204543836,0.890623990810951,1.0409283548268
5.23982183211685,6820868.6166003,0.50119731954196,0.529060290369869,0.890706762283269,1.04072681607587
5.33020555481445,6822715.17442334,0.501207924867125,0.528668703364629,0.890810634141447,1.04051954838547
5.42911656131984,6825691.1502922,0.501299746813737,0.528151036192964,0.890937467904299,1.04031240155963
5.53767105488448,6830152.70768059,0.501511458300373,0.527530623345769,0.891087259789706,1.04011395646245
5.65702712437512,6836413.90211673,0.501883325420783,0.526877759163189,0.891256416039713,1.03993562249972
5.78828822482526,6844566.0015618,0.502441690014933,0.526331157332421,0.89143537409895,1.03979065200689
5.93233822464158,6854167.9968835,0.503170251669884,0.526105185798906,0.891606012995396,1.03969107549269
6.0895934287745,6863862.06479187,0.503972119342182,0.526453341975351,0.891740242720697,1.03964163973091
6.25968271825886,6871169.91288977,0.504645584103224,0.527557568813883,0.891802372913695,1.03963116542916
6.44112079452323,6872954.11693027,0.504918297114699,0.529358029925172,0.89175807095587,1.03962503936907
6.63110944003775,6866874.55469042,0.504572320357401,0.531437362774274,0.891589649193459,1.03956636893815
0.542449269097921,6853220.85576164,0.503609525499566,0.533131101803585,0.891310601854815,1.03939229825868
0.736762852037202,6835468.98281522,0.502311626014769,0.533888817882557,0.890967589379244,1.03906140456895
0.926142911677788,6818595.00856921,0.501098919117423,0.533618214008045,0.890624360695523,1.03857497785299
1.10664610750273,6806440.13036123,0.500292938686258,0.532694834315384,0.89033695471931,1.03797620138922
1.27557069758486,6800296.05727855,0.499984983104392,0.531659927742898,0.890136540203134,1.03732919454597
1.43153160122398,6799310.86634515,0.500076486143061,0.530913471275476,0.890027603579579,1.03669441368407
1.57424466881625,6801710.40422906,0.500396947014265,0.530608089272423,0.889996738487009,1.03611406592338
1.70419156136053,6805783.42145317,0.500795195514585,0.530708908871648,0.890023361092968,1.03560962711008
1.82229909861115,6810307.56624827,0.501173795959279,0.531097551831885,0.890087210121107,1.03518640834575
1.92969487094507,6814576.89834555,0.501485593336181,0.531647277072522,0.890171850076516,1.03483983190667
2.027547307227,6818268.55756493,0.501717267350531,0.532257324588977,0.890265431344244,1.03456059071646
2.11697384448906,6821293.39926363,0.501873712267695,0.532860184140009,0.890360125560163,1.03433798963926
2.19899579057093,6823683.69422828,0.501967411042921,0.533416697745183,0.890451159613177,1.03416175821001
2.27452189157732,6825523.12529992,0.50201246841831,0.533907998679772,0.890535891517081,1.03402285374944
2.34434797528894,6826908.50098283,0.502021793880136,0.534328209842315,0.890613078791052,1.03391369072904
2.40916467813628,6827931.35774167,0.502006082896859,0.534679014374275,0.890682352376711,1.03382808495517
2.46956855864193,6828670.70075187,0.50197369662718,0.53496602611616,0.89074385992426,1.03376107968876
2.52607401446065,6829191.40957483,0.501930924180599,0.535196536325449,0.890798033667194,1.03370874098062
2.57912469067086,6829545.21031557,0.501882362039637,0.53537820355628,0.890845444364672,1.03366796297175
2.62910379294752,6829772.59091806,0.501831288610383,0.535518347751238,0.890886712396515,1.03363629900251
2.67634311437398,6829904.87449673,0.501779986781207,0.535623612362981,0.890922455767785,1.03361182206968
2.72113078706816,6829966.11212855,0.501730003320919,0.535699840433798,0.890953261419738,1.03359301269801
2.76371786386128,6829974.68046375,0.501682349366426,0.535752068490417,0.890979670944181,1.03357867030116
2.80432387060872,6829944.57374774,0.501637651555851,0.535784580344553,0.891002174982505,1.03356784376782
2.84314147472829,6829886.42272189,0.501596264070509,0.535800987087845,0.891021212690919,1.03355977737481
2.88034040608411,6829808.28592096,0.501558350719847,0.535804314429367,0.891037174014486,1.03355386873114
2.91607075094118,6829716.25850307,0.501523944539314,0.535797087419875,0.891050403383864,1.03354963608144
2.95046572287301,6829614.93811829,0.501492990735384,0.535781407798627,0.891061204000776,1.03354669285519
2.98364399839385,6829507.78032498,0.501465377410871,0.535759022137188,0.891069842224971,1.03354472781392
3.01571169064995,6829397.36939077,0.501440957381347,0.535731380548313,0.891076551790879,1.03354348952234
3.04676402203242,6829285.62458846,0.501419563527911,0.535699686534161,0.89108153771437,1.03354277416294
3.07688674603419,6829173.95744169,0.5014010194791,0.535664938903956,0.891084979829637,1.03354241594094
3.106157359887,6829063.39170523,0.501385146930047,0.535627966798109,0.891087035942879,1.03354227950122
3.1346461422519,6828954.65502724,0.501371770550176,0.535589458831749,0.891087844615701,1.03354225391267
3.16241704426344,6828848.24907056,0.501360721169628,0.535549987283893,0.891087527604727,1.03354224787745
3.18952845732981,6828744.50322346,0.501351837744261,0.535510028147442,0.891086191989984,1.03354218590088
3.21603387707849,6828643.61578449,0.50134496846057,0.535469977740362,0.891083932026122,1.03354200521682
3.24198247955118,6828545.68556648,0.501339971241252,0.535430166470506,0.891080830749599,1.03354165330983
3.26741962305817,6828450.73615588,0.501336713839092,0.535390870249883,0.891076961372628,1.03354108590952
3.29238728689207,6828358.73452845,0.5013350736538,0.535352319970497,0.891072388491802,1.03354026536037
3.31692445628392,6828269.60531842,0.501334937367976,0.535314709382638,0.891067169136223,1.03353915929037
3.34106746148821,6828183.241732,0.501336200470442,0.535278201656792,0.891061353676992,1.03353773951843
3.36485027764869,6828099.51386407,0.50133876671498,0.535242934860671,0.891054986617099,1.03353598115292
3.38830479107557,6828018.27500035,0.501342547547812,0.535209026541831,0.891048107278245,1.03353386184317
3.41146103671848,6827939.36635272,0.501347461526619,0.535176577572567,0.891040750398878,1.03353136115393
3.43434741091716,6827862.62057224,0.501353433746182,0.535145675386075,0.891032946655762,1.03352846003827
3.45699086292782,6827787.86430584,0.501360395280277,0.535116396710156,0.89102472311968,1.03352514038929
3.47941706823657,6827714.92000124,0.501368282645461,0.535088809886137,0.89101610365443,1.03352138465491
3.50165058626642,6827643.60711845,0.501377037289585,0.535062976845498,0.891007109266975,1.03351717550244
3.52371500474678,6827573.7428692,0.501386605105843,0.535038954804191,0.890997758415573,1.0335124955225
3.54563307273331,6827505.14257762,0.501396935971763,0.53501679772447,0.890988067281777,1.03350732696328
3.56742682403324,6827437.6197334,0.501407983311493,0.534996557585663,0.890978050011427,1.0335016514877
3.5891176925982,6827370.98579105,0.501419703679044,0.534978285498423,0.89096771892913,1.03349544994718
3.61072662128911,6827305.04975515,0.501432056359637,0.534962032691354,0.890957084730152,1.03348870216652
3.63227416528944,6827239.61758047,0.501445002985854,0.534947851394226,0.890946156653243,1.03348138673516
3.65378059134152,6827174.49140695,0.501458507165049,0.534935795638106,0.89093494263752,1.03347348080053
3.67526597390242,6827109.46864214,0.501472534114142,0.534925921989486,0.890923449466263,1.03346495985952
3.69675028925856,6827044.34089763,0.501487050297666,0.534918290232793,0.890911682900281,1.03345579754441
3.71825350860072,6826978.89278104,0.501502023064669,0.534912964013293,0.890899647803318,1.0334459653997
3.73979569104196,6826912.90054031,0.501517420279704,0.534910011450393,0.89088734826192,1.03343543264639
3.76139707755994,6826846.13055331,0.50153320994278,0.534909505729513,0.890874787702118,1.03342416592996
3.78307818686167,6826778.33765214,0.501549359792686,0.53491152567899,0.890861969005371,1.03341212904861
3.80485991420439,6826709.26326787,0.501565836887511,0.534916156336843,0.890848894626254,1.03339928265764
3.82676363426043,6826638.6333787,0.501582607155531,0.534923489510455,0.890835566714616,1.03338558394581
3.84881130918974,6826566.15624105,0.501599634908832,0.534933624330452,0.890821987245138,1.03337098627922
3.87102560318214,6826491.51988058,0.50161688231103,0.534946667797854,0.890808158157638,1.03335543880741
3.89343000485559,6826414.38931749,0.501634308789382,0.534962735321103,0.890794081511866,1.03333888602635
3.91604895905076,6826334.4034981,0.50165187038015,0.534981951236441,0.890779759661203,1.03332126729178
3.93890800974965,6826251.17190333,0.501669518994591,0.535004449301263,0.89076519545039,1.03330251627592
3.9620339560733,6826164.27080408,0.501687201591043,0.535030373145077,0.890750392443404,1.03328256035957
3.9854550235878,6826073.23913447,0.501704859236546,0.535059876656379,0.890735355188775,1.0332613199506
4.00920105347644,6825977.57395706,0.501722426038985,0.535093124275469,0.89072008953115,1.03323870771849
4.03330371253119,6825876.72550155,0.501739827928084,0.535130291152498,0.890704602979786,1.03321462773351
4.0577967273904,6825770.09176997,0.501756981260605,0.535171563116004,0.890688905146967,1.03318897449741
4.08271614701862,6825657.01272202,0.501773791221924,0.535217136378784,0.890673008272268,1.03316163185096
4.10810063810795,6825536.76408511,0.501790149992865,0.535267216883847,0.890656927852232,1.03313247174189
4.13399181890389,6825408.5508821,0.501805934647546,0.535322019161457,0.890640683399563,1.03310135283508
4.16043463795079,6825271.50084176,0.501821004745296,0.535381764526551,0.890624299361666,1.03306811894467
4.18747780545153,6825124.65796442,0.501835199578255,0.535446678390822,0.890607806235529,1.03303259726655
4.21517428638785,6824966.9766732,0.501848335036837,0.535516986391234,0.890591241924938,1.03299459638813
4.24358186630919,6824797.31721321,0.501860200059651,0.535592908941004,0.890574653397355,1.03295390405169
4.27276380283827,6824614.44329902,0.501870552645058,0.535674653682777,0.89055809871202,1.0329102846488
4.30278957854705,6824417.02350375,0.501879115422274,0.535762405156956,0.890541649508772,1.03286347642582
4.33373577403197,6824203.63860092,0.501885570816688,0.535856310778386,0.890525394069568,1.03281318838754
4.36568708388969,6823972.79811405,0.501889555906121,0.535956461925591,0.890509441092823,1.03275909689806
4.39873750301549,6823722.97084983,0.501890657166012,0.536062868568059,0.890493924355767,1.03270084199888
4.43299171639647,6823452.63640495,0.501888405463613,0.536175425364192,0.890479008483267,1.03263802349888
4.46856673255329,6823160.36786397,0.501882271916629,0.536293866527067,0.890464896094334,1.03257019694511
4.5055938092197,6822844.96061013,0.501871665630218,0.536417705948373,0.890451836660413,1.03249686966949
4.54422072995443,6822505.62902551,0.50185593494256,0.536546158070842,0.890440137482217,1.03241749723812
4.58461450232454,6822142.30282782,0.501834374755931,0.536678033807837,0.890430177270807,1.03233148083229
4.62696456211256,6821756.0692446,0.50180624397409,0.53681160448466,0.890422422895196,1.03223816639556
4.67148658341249,6821349.82804087,0.501770799251122,0.536944425503574,0.890417449913556,1.03213684684118
4.71842701061326,6820929.25606261,0.501727354526531,0.537073110650327,0.89041596749904,1.03202676929921
4.76806844310203,6820504.21940186,0.50167538064206,0.537193048592169,0.890418848230018,1.03190715039283
4.82073601292429,6820090.82742401,0.501614666281668,0.537298057017255,0.890427162800169,1.03177720400203
4.87680489172004,6819714.39479663,0.501545571120216,0.537379980564172,0.890442218768465,1.03163618806195
4.93670903149669,6819413.66010328,0.501469414620962,0.537428262664216,0.890465600576779,1.03148347981528
5.00095115826866,6819246.68077955,0.501389058296562,0.537429570039268,0.890499204469471,1.03131869266485
5.07011385313181,6819298.82318208,0.501309750845647,0.53736764068619,0.890545255432379,1.03114185209878
5.14487119544184,6819693.04871856,0.501240301566053,0.53722369001942,0.89060628193682,1.03095365197318
5.22599978236627,6820601.9495286,0.501194597537664,0.536977980267854,0.890685005503792,1.03075581264873
5.31438678446925,6822259.09639327,0.501193320931017,0.536613556145477,0.890784073063744,1.03055155191862
5.41103077470295,6824963.16524556,0.50126533883571,0.536123614363885,0.890905520049166,1.03034614366405
5.51702806002653,6829060.55954852,0.501447460897778,0.535524192717767,0.891049809169141,1.03014745162265
5.63353296130311,6834880.03685774,0.501779966020071,0.534872944884133,0.891214275979719,1.02996614968215
5.76167536344604,6842579.79388614,0.502293792472979,0.534290880603832,0.891390910462459,1.02981504971619
5.90241502879428,6851870.57409414,0.502985210073556,0.533974761422972,0.891563771283346,1.02970661586912
6.05631513576597,6861639.41251534,0.503779243788018,0.534173956791885,0.891707149644971,1.02964767096432
6.22323714086326,6869670.83037454,0.504499230315073,0.53509913971088,0.891786797838553,1.02963124533397
6.40200565927301,6872905.50274895,0.504882912634286,0.536761142986496,0.891767160182804,1.02962833486682
6.59016113924142,6868664.11049993,0.504685868771326,0.538827672969066,0.891625453720825,1.02958633223371
6.78396770056702,6856507.34099808,0.503847403972869,0.540668183717448,0.891367311825881,1.02944162102845
0.695613113617588,6839242.27005108,0.502589255267456,0.541668653660455,0.891032628627014,1.02914551221855
0.886661701334091,6821737.16699993,0.501320732244979,0.541613786425827,0.890683440699712,1.02868877460268
1.06972797412433,6808299.35189704,0.500405151407156,0.540790418463722,0.890379672494178,1.02810659957108
1.2417728394835,6800833.78600214,0.499989345176684,0.539735486641642,0.890158942821019,1.0274610732748
1.40108882552003,6798875.32134696,0.500008187809888,0.538901182938824,0.890031216595684,1.02681570042444
1.54714234849107,6800740.53425355,0.500296342263667,0.53849653212911,0.889985979497904,1.02621776737868
1.68025342868227,6804631.71673802,0.500692003980567,0.538519654341457,0.890003234213874,1.02569334662878
1.80126267543007,6809192.338548,0.501084125731553,0.53886164599327,0.890062004817634,1.02525082843089
1.91126515004211,6813603.80613562,0.501415191531923,0.539391945693911,0.890144709056633,1.0248872287012
2.01143000797434,6817470.24323319,0.501665862979662,0.54000159361856,0.890238405865962,1.02459378850715
2.10289343818166,6820663.29027147,0.501838325991205,0.540615240005732,0.890334414098767,1.02435976394036
2.18670359251044,6823198.25405232,0.501944326276132,0.541187874010752,0.890427365323957,1.02417455928903
2.26379828379592,6825154.32594141,0.50199820084261,0.541696840326186,0.890514234071507,1.02402871973022
2.33500147404256,6826629.85825003,0.502013461485961,0.542134079922622,0.890593547956975,1.0239142571465
2.40102950680304,6827720.29134798,0.502001468712351,0.542500182027466,0.890664811186114,1.02382463501044
2.46250167499929,6828509.02175325,0.501971178132233,0.542800337997239,0.890728110265215,1.02375460565646
2.51995209871602,6829064.97098459,0.501929360446148,0.543041798360046,0.890783856022785,1.02370000291581
2.57384134059671,6829443.26310759,0.501880980703807,0.543232377672781,0.890832620648084,1.02365753934735
2.624567026857,6829687.1039009,0.501829588950486,0.543379637665292,0.890875038142154,1.02362462809245
2.67247320521078,6829829.92582582,0.501777662736818,0.543490486683582,0.89091174583817,1.0235992347334
2.71785841250805,6829897.38571723,0.501726885054455,0.543571022855542,0.890943351899611,1.02357975787312
2.76098254059731,6829909.06684971,0.501678360179586,0.543626512623193,0.890970418893644,1.02356493460437
2.80207263579086,6829879.86188926,0.501632776783185,0.543661439075807,0.890993457071633,1.02355376646721
2.84132777812033,6829821.0658896,0.501590528985026,0.543679581750553,0.891012923326054,1.02354546178583
2.87892317972755,6829741.22575568,0.501551805063508,0.543684106348776,0.891029223309394,1.02353939087719
2.91501362729137,6829646.79371488,0.501516651845643,0.543677652888646,0.891042715171139,1.02353505127407
2.94973637663851,6829542.62696569,0.501485021077099,0.543662416708031,0.891053713983765,1.02353204069666
2.98321359126202,6829432.3684277,0.501456802571666,0.543640220077837,0.891062496314293,1.02353003600472
3.0155544015626,6829318.73643522,0.501431847728313,0.543612574010468,0.891069304637413,1.02352877676323
3.04685664865094,6829203.74507367,0.501409986066333,0.543580730779938,0.891074351432998,1.02352805237017
3.07720836553205,6829088.87183819,0.501391036720957,0.543545728091124,0.891077822899125,1.02352769193972
3.10668903928222,6828975.18532798,0.501374816315437,0.543508425972903,0.891079882263581,1.02352755632202
3.13537069020229,6828863.442619,0.501361144238233,0.543469537457287,0.891080672705905,1.02352753178467
3.16331879765249,6828754.16361124,0.501349846070626,0.543429654021371,0.891080319917244,1.02352752499049
3.19059309712165,6828647.68786517,0.501340755703725,0.543389266654324,0.891078934332092,1.02352745899007
3.21724826886368,6828544.21809732,0.501333716533933,0.543348783291352,0.891076613067824,1.02352727001126
3.24333453497684,6828443.85349069,0.501328582017153,0.543308543242554,0.891073441607045,1.02352690487676
3.26889817896931,6828346.6152124,0.501325215783133,0.543268829142219,0.891069495255349,1.02352631891825
3.29398199953095,6828252.4659551,0.501323491454248,0.543229876855182,0.891064840404028,1.02352547428433
3.31862570832175,6828161.32488502,0.501323292271572,0.543191883701199,0.891059535624025,1.02352433856169
3.34286628001633,6828073.07905121,0.501324510601131,0.543155015294795,0.89105363261424,1.02352288364607
3.36673826154716,6827987.59206207,0.501327047371573,0.543119411245256,0.891047177024303,1.02352108481275
3.39027404641824,6827904.71064682,0.501330811478737,0.543085189917862,0.8910402091693,1.02351891994689
3.41350411907349,6827824.26957574,0.501335719181355,0.543052452421613,0.891032764651494,1.02351636890182
3.43645727356767,6827746.09530359,0.501341693503918,0.543021285959287,0.891024874902026,1.02351341295992
3.45916081017593,6827670.00861663,0.501348663656908,0.542991766651634,0.891016567653774,1.02351003437553
3.48164071306859,6827595.82649913,0.501356564480386,0.542963961927817,0.891007867354975,1.02350621598336
3.50392181175332,6827523.36338572,0.501365335913966,0.542937932558113,0.890998795531879,1.02350194085891
3.52602792863347,6827452.43192732,0.501374922494056,0.542913734391744,0.890989371107584,1.02349719201967
3.54798201473718,6827382.84336887,0.501385272877768,0.542891419851908,0.890979610683218,1.02349195215815
3.56980627542692,6827314.40761324,0.50139633939185,0.542871039231278,0.890969528786832,1.02348620339883
3.5915222876974,6827246.93302821,0.50140807760424,0.542852641823976,0.890959138094671,1.02347992707273
3.61315111050318,6827180.22603817,0.501420445915301,0.542836276924062,0.890948449628932,1.02347310350389
3.63471338942234,6827114.09053137,0.501433405165435,0.542821994715699,0.890937472935644,1.02346571180303
3.65622945685436,6827048.32710397,0.501446918255433,0.542809847076032,0.890926216245903,1.02345772966395
3.67771942886668,6826982.73215466,0.501460949775681,0.542799888308469,0.890914686623433,1.02344913315874
3.6992032997418,6826917.09683752,0.501475465640067,0.542792175821172,0.890902890101147,1.02343989652818
3.7207010352344,6826851.20587553,0.501490432720198,0.54278677076314,0.890890831809289,1.02342999196377
3.74223266552435,6826784.8362324,0.501505818475199,0.54278373862817,0.890878516097566,1.02341938937788
3.76381837884582,6826717.75563685,0.501521590572024,0.542783149835064,0.890865946653687,1.02340805615855
3.78547861678475,6826649.72094944,0.501537716490791,0.542785080290739,0.890853126620722,1.02339595690539
3.80723417226791,6826580.4763591,0.501554163109096,0.542789611941191,0.890840058715782,1.02338305314265
3.82910629131587,6826509.75139318,0.50157089625867,0.542796833313549,0.890826745352715,1.02336930300557
3.85111677970269,6826437.25872218,0.501587880246946,0.542806840050601,0.890813188771694,1.02335466089531
3.87328811575735,6826362.69173748,0.501605077335219,0.542819735437091,0.890799391178969,1.02333907709798
3.89564357065967,6826285.72187797,0.501622447164024,0.542835630914628,0.890785354900465,1.02332249736199
3.91820733772924,6826205.99567961,0.501639946115033,0.542854646579022,0.890771082553461,1.02330486242791
3.94100467238469,6826123.13152044,0.501657526597358,0.542876911650172,0.890756577241356,1.02328610750405
3.96406204466741,6826036.71603297,0.501675136244374,0.542902564899839,0.890741842777389,1.02326616168006
3.98740730648506,6825946.30015732,0.501692717005225,0.542931755016597,0.890726883944357,1.02324494726998
4.01106987604471,6825851.39481129,0.501710204112882,0.542964640879386,0.890711706798764,1.02322237907501
4.03508094232271,6825751.46616056,0.50172752490814,0.543001391700896,0.890696319029639,1.02319836355502
4.05947369287091,6825645.93048379,0.50174459749608,0.543042186988714,0.890680730384449,1.02317279789631
4.08428356880252,6825534.14864614,0.501761329208556,0.543087216254798,0.890664953177296,1.02314556896183
4.10954855145325,6825415.42022495,0.501777614843167,0.543136678381071,0.89064900289804,1.02311655210808
4.13530948599927,6825288.97737594,0.501793334646159,0.543190780519102,0.89063289894526,1.02308560985148
4.16161044826026,6825153.97859667,0.501808352004192,0.543249736362585,0.890616665511391,1.02305259036509
4.18849916205895,6825009.50264403,0.501822510808391,0.543313763579764,0.890600332655095,1.02301732578507
4.21602747589255,6824854.54301021,0.501835632454605,0.543383080125001,0.890583937604395,1.02297963030491
4.24425190934859,6824688.00357702,0.501847512447617,0.543457899059171,0.890567526344758,1.02293929803513
4.27323428173591,6824508.69638266,0.5018579165867,0.543538421390577,0.890551155559665,1.02289610060655
4.30304243788064,6824315.34289107,0.501866576728688,0.543624826292574,0.890534895007995,1.0228497844983
4.33375108905836,6824106.58081725,0.501873186158202,0.543717257849337,0.89051883044361,1.02280006807727
4.36544279071705,6823880.97952415,0.501877394651141,0.543815807212235,0.890503067208867,1.02274663834736
4.39820908313759,6823637.06840514,0.501878803409726,0.543920488697097,0.890487734666539,1.02268914742546
4.43215182665124,6823373.3846983,0.501876960194703,0.5440312078943,0.890472991675118,1.02262720879273
4.46738476968524,6823088.55013455,0.501871355212326,0.544147719272486,0.890459033361772,1.0225603934195
4.50403539595591,6822781.3901226,0.501861418675261,0.544269570005126,0.890446099506282,1.02248822593983
4.54224710679551,6822451.11542953,0.501846521515139,0.544396025814502,0.890434484917587,1.02241018117199
4.5821818060695,6822097.59540446,0.501825981581757,0.544525973506852,0.890424552259642,1.02232568146434
4.6240229684936,6821721.76495546,0.501799078970328,0.54465779361071,0.890416747857495,1.02223409562311
4.66797928722004,6821326.22644272,0.501765086094151,0.54478919527935,0.890411621071258,1.02213474059544
4.7142890126457,6820916.13466935,0.501723321078936,0.544917004745644,0.890409847831179,1.0220268877012
4.76322510983508,6820500.49102007,0.501673237424735,0.545036898913916,0.890412258816688,1.0219097761226
4.81510137327245,6820094.02438731,0.501614569200082,0.545143078724686,0.890419872416094,1.02178263769299
4.87027963812312,6819719.90338459,0.50154755986911,0.545227885776171,0.890433931805344,1.02164473892699
4.92917820429927,6819413.60307801,0.501473314520981,0.54528138593901,0.8904559438529,1.02149544886408
4.99228152092272,6819228.32318535,0.501394329071769,0.545290985279746,0.890487714440112,1.02133434475099
5.06015102488046,6819242.37441087,0.501315262413021,0.545241223141333,0.890531369101631,1.02116137170607
5.13343672087257,6819568.79608224,0.501244018182587,0.545114030299503,0.890589337943446,1.0209770764327
5.21288852067383,6820366.87999403,0.501193166884663,0.544889980064282,0.890664267169664,1.02078293629037
5.29936535157898,6821853.72871245,0.501181613107492,0.544551423536749,0.890758793430159,1.02058179765745
5.39383834430023,6824310.53666907,0.501236095993336,0.544088854156323,0.890875080107229,1.02037840909779
5.49738170342623,6828071.5823693,0.501391447789463,0.543512160364222,0.89101397172444,1.02017996252154
5.61114089714601,6833472.8468664,0.50168737598804,0.542867885534707,0.891173598326957,1.01999640486736
5.73626278115989,6840723.75103263,0.502158026839466,0.542260647438643,0.891347323486648,1.01984002213993
5.87376776191694,6849662.41223037,0.50280994216161,0.54186915028021,0.891521215470901,1.01972345800595
6.02434459870925,6859397.09268522,0.503587670190731,0.541934118433266,0.891671918797792,1.01965515002531
6.18806278307931,6867978.64920211,0.504339521986782,0.542685401812423,0.891766941376396,1.01963178702957
6.36403670887566,6872488.76507103,0.504818604895809,0.544194369309691,0.891770271392081,1.01962971687789
6.55014143767043,6870022.14886704,0.504764066927414,0.546213915668101,0.891655002359523,1.01960116031001
6.74294081835076,6859485.6016993,0.504059805384021,0.548164832643566,0.891419400255736,1.01948314943285
0.654788884983851,6842960.53446407,0.502863101485855,0.549393098701264,0.891096033717912,1.01922117932617
0.84721803934046,6825055.93557055,0.501558687932144,0.549567896655153,0.890743893946537,1.01879585713939
1.03262478414244,6810436.98542081,0.500541550975543,0.548872958620244,0.890425652545498,1.01823342852294
1.20764689237485,6801624.70382323,0.500014419288192,0.54782160962669,0.890185086365882,1.01759254638944
1.37024723828219,6798606.56196496,0.499952055340949,0.546909741646609,0.890038042031609,1.01693884015057
1.5196246012152,6799849.49407606,0.500199918469605,0.546405148048706,0.889977483702075,1.01632446686361
1.65591777416403,6803496.57253636,0.50058786257104,0.546344829737055,0.889984426653596,1.0157803327673
1.77986526266542,6808059.59069259,0.500991136197792,0.546633805963573,0.890037377274451,1.01531826120257
1.89251866612302,6812599.65770647,0.5013409273799,0.547139720807172,0.89011764405971,1.01493715252562
1.99504121821861,6816639.24623684,0.501610984186353,0.547745812350448,0.890211157340358,1.01462897870924
2.08858427053667,6820004.46310473,0.501800191521439,0.548368577814865,0.890308326217646,1.01438304021317
2.1742211752807,6822689.90333692,0.501919242907785,0.548956676637563,0.890403135361246,1.01418845197475
2.25291830211259,6824768.37813129,0.501982573955629,0.549483253092193,0.890492137165677,1.01403535214482
