t,x,y,z
58900,6800000,0,0
58900.1,6799999.95683673,-1.74453192355687e-07,765.61999802526
58900.2,6799999.82734646,-9.78882920219896e-07,1531.23998524888
58900.3,6799999.6115273,-1.60019751062797e-06,2296.85995224877
58900.4,6799999.3093822,-2.77137027572261e-07,3062.47988944634
58900.5,6799998.92091454,7.54507885418753e-07,3828.09978677781
58900.6,6799998.44612184,9.77517651389257e-07,4593.71963509319
58900.7,6799997.88500279,1.10437685076818e-06,5359.33942493082
58900.8,6799997.23755829,1.3498620100285e-06,6124.95914585755
58900.9,6799996.50378757,1.56671416685533e-06,6890.57878800028
58901,6799995.68369139,1.76404130287311e-06,7656.19834152552
58901.1,6799994.7772689,1.42582545090222e-06,8421.81779676461
58901.2,6799993.78451946,4.61765359011111e-07,9187.43714370798
58901.3,6799992.70544119,-2.47027590254822e-07,9953.05637296556
58901.4,6799991.54003723,9.67127105301245e-07,10718.6754749378
58901.5,6799990.28831082,1.75795722482483e-06,11484.2944396183
58901.6,6799988.95025945,1.78211541906241e-06,12249.9132578689
58901.7,6799987.52588182,1.77156491188842e-06,13015.5319201839
58901.8,6799986.01517886,1.84137389631516e-06,13781.1504160936
58901.9,6799984.41814983,1.93541467048628e-06,14546.7687357313
58902,6799982.7347955,1.97635097784827e-06,15312.3868692641
58902.1,6799980.96511502,1.47348137164005e-06,16078.0048070387
58902.2,6799979.10910775,3.36883912965129e-07,16843.6225390198
58902.3,6799977.16677182,-4.84970443297818e-07,17609.2400558532
58902.4,6799975.13811055,5.81784892359408e-07,18374.8573479224
58902.5,6799973.02312701,1.09511362722177e-06,19140.4744052753
58902.6,6799970.82181873,8.70121813754548e-07,19906.091218783
58902.7,6799968.5341844,6.71412795453545e-07,20671.7077788882
58902.8,6799966.16022495,5.15609866551058e-07,21437.3240750884
58902.9,6799963.69993973,4.12352103283445e-07,22202.9400975365
58903,6799961.15332948,2.21161724814743e-07,22968.5558363925
58903.1,6799958.52039333,-5.2340141396564e-07,23734.17128202
58903.2,6799955.80113067,-1.9221145405955e-06,24499.7864243532
58903.3,6799952.99553961,-2.94802274208738e-06,25265.401254071
58903.4,6799950.10362366,-2.12478241103921e-06,26031.0157615393
58903.5,6799947.12538572,-1.97851091432401e-06,26796.6299368623
58903.6,6799944.06082337,-2.5602882615603e-06,27562.2437709165
58903.7,6799940.90993529,-3.0526238475661e-06,28327.8572540917
58903.8,6799937.67272241,-3.53847108675105e-06,29093.4703758574
58903.9,6799934.34918417,-3.96718837477657e-06,29859.0831263936
58904,6799930.93932126,-4.51945606459588e-06,30624.6954958512
58904.1,6799927.44313283,-5.6346205580616e-06,31390.3074746119
58904.2,6799923.86061824,-7.42996237020959e-06,32155.9190525783
58904.3,6799920.19177564,-8.78349847137011e-06,32921.5302204538
58904.4,6799916.43660871,-8.32855575143063e-06,33687.1409685826
58904.5,6799912.59512014,-8.66334295413749e-06,34452.7512871278
58904.6,6799908.66730759,-9.73174474190843e-06,35218.3611669659
58904.7,6799904.65316975,-1.06427008671191e-05,35983.9705984398
58904.8,6799900.55270755,-1.15799884375652e-05,36749.5795709959
58904.9,6799896.36592049,-1.24671740986848e-05,37515.1880748419
58905,6799892.09280923,-1.35127223878554e-05,38280.7961001236
58905.1,6799887.73337293,-1.51276448529317e-05,39046.4036372422
58905.2,6799883.28761094,-1.74445620034213e-05,39812.0106760715
58905.3,6799878.75552141,-1.92348935211308e-05,40577.6172073287
58905.4,6799874.13710824,-1.92584442644389e-05,41343.2232213322
58905.5,6799869.43237386,-2.01690148733471e-05,42108.8287083013
58905.6,6799864.64131605,-2.1830781767703e-05,42874.4336591081
58905.7,6799859.76393351,-2.32640751243568e-05,43640.0380640578
58905.8,6799854.80022714,-2.4751623750586e-05,44405.6419125797
58905.9,6799849.75019653,-2.6200286355359e-05,45171.2451949072
58906,6799844.6138423,-2.78394491436176e-05,45936.8479011859
58906.1,6799839.3911636,-3.00485120575872e-05,46702.4500218363
58906.2,6799834.08215977,-3.29706806493288e-05,47468.0515467104
58906.3,6799828.68682904,-3.5271354722682e-05,48233.6524665281
58906.4,6799823.20517543,-3.58485487062169e-05,48999.2527715816
58906.5,6799817.63720115,-3.73913555911937e-05,49764.8524521391
58906.6,6799811.98290409,-3.9712615229527e-05,50530.4514990636
58906.7,6799806.242283,-4.17369851350743e-05,51296.0499026331
58906.8,6799800.41533872,-4.38381838255494e-05,52061.6476522643
58906.9,6799794.5020709,-4.59147467196497e-05,52827.2447382165
58907,6799788.50248014,-4.82107978309453e-05,53592.8411506368
58907.1,6799782.41656561,-5.10705120938173e-05,54358.4368799634
58907.2,6799776.24432663,-5.46422863919744e-05,55124.0319160347
58907.3,6799769.98576149,-5.74958782688175e-05,55889.6262495644
58907.4,6799763.64087436,-5.86722332680764e-05,56655.2198708224
58907.5,6799757.20966722,-6.08733453051347e-05,57420.8127701159
58907.6,6799750.69213801,-6.38866911797579e-05,58186.4049382952
58907.7,6799744.08828561,-6.65421721972299e-05,58951.9963656187
58907.8,6799737.39811077,-6.92891021699659e-05,59717.5870414946
58907.9,6799730.62161318,-7.20244458348436e-05,60483.1769562095
58908,6799723.75879345,-7.50053294569411e-05,61248.7660999111
58908.1,6799716.80965076,-7.8538592710952e-05,62014.3544630516
58908.2,6799709.7741844,-8.27730284664229e-05,62779.9420354643
58908.3,6799702.65239278,-8.61941771486278e-05,63545.5288078509
58908.4,6799695.44428016,-8.79885530804085e-05,64311.1147704663
58908.5,6799688.14984827,-9.08452082580106e-05,65076.6999136446
58908.6,6799680.76909514,-9.45479182044259e-05,65842.2842282224
58908.7,6799673.30201976,-9.78410063744665e-05,66607.8677044442
58908.8,6799665.74862282,-0.000101229410250175,67373.4503317127
58908.9,6799658.10890401,-0.000104609975148099,68139.0321003423
58909,6799650.38286396,-0.000108258861220609,68904.6130004789
58909.1,6799642.57050189,-0.000112447311615131,69670.193022584
58909.2,6799634.67181703,-0.00011732123052485,70435.7721564926
58909.3,6799626.68680796,-0.000121292753505729,71201.3503928954
58909.4,6799618.61547898,-0.000123690065962809,71966.9277220368
58909.5,6799610.45783159,-0.000127159547234834,72732.5041342659
58909.6,6799602.21386389,-0.000131499905656883,73498.079620409
58909.7,6799593.88357499,-0.000135388052384408,74263.6541706999
58909.8,6799585.4669655,-0.00013936616081359,75029.2277745392
58909.9,6799576.96403515,-0.000143326802173087,75794.8004222673
58910,6799568.37478457,-0.000147575159092046,76560.3721040244
58910.1,6799559.69921302,-0.000152352586413514,77325.9428102766
58910.2,6799550.9373197,-0.000157800418271837,78091.5125308658
58910.3,6799542.08910332,-0.00016227695885705,78857.0812564805
58910.4,6799533.15456826,-0.000165229353920611,79622.64897735
58910.5,6799524.13371576,-0.000169234048824151,80388.2156838325
58910.6,6799515.02654396,-0.000174117276657682,81153.781366749
58910.7,6799505.83305214,-0.000178514220673648,81919.3460163238
58910.8,6799496.55324083,-0.000182991187724663,82684.9096219602
58910.9,6799487.18710977,-0.000187428813615302,83450.4721740214
58911,6799477.7346596,-0.000192170775847658,84216.0336626353
58911.1,6799468.19588962,-0.000197435813450573,84981.5940782682
58911.2,6799458.570799,-0.000203359217712436,85747.1534107738
58911.3,6799448.85938661,-0.000208276675878418,86512.711650851
58911.4,6799439.06165685,-0.000211716665064854,87278.268788701
58911.5,6799429.17761078,-0.000216171471123245,88043.8248146945
58911.6,6799419.20724653,-0.000221492516394947,88809.3797196505
58911.7,6799409.15056355,-0.000226300988811293,89574.9334937834
58911.8,6799399.0075623,-0.000231177643975158,90340.4861265047
58911.9,6799388.77824251,-0.000235981760448608,91106.0376081972
58912,6799378.46260486,-0.000241104250133698,91871.5879289676
58912.1,6799368.06064866,-0.00024674792168437,92637.1370792796
58912.2,6799357.57237306,-0.000253039766081402,93402.6850490028
58912.3,6799346.99777706,-0.000258318755247233,94168.231828854
58912.4,6799336.33686513,-0.000262168531761732,94933.7774089951
58912.5,6799325.58963816,-0.000267000642999546,95699.3217798198
58912.6,6799314.75609424,-0.000272671441339041,96464.8649321446
58912.7,6799303.83623299,-0.000277810904804555,97230.4068561718
58912.8,6799292.8300548,-0.000283004809499432,97995.9475413276
58912.9,6799281.73755941,-0.000288082666280959,98761.4869780119
58913,6799270.55874751,-0.000293490043135074,99527.0251563014
58913.1,6799259.29361844,-0.000299419235113254,100292.562066655
58913.2,6799247.94217132,-0.000305986062400208,101058.097698962
58913.3,6799236.50440524,-0.000311533438441683,101823.632043951
58913.4,6799224.98032478,-0.000315706893204559,102589.165091748
58913.5,6799213.36993067,-0.00032085152504678,103354.696832779
58913.6,6799201.67322097,-0.000326800155913172,104120.227257855
58913.7,6799189.89019545,-0.000332205866630648,104885.756357163
58913.8,6799178.02085443,-0.000337650344165074,105651.284120151
58913.9,6799166.06519767,-0.000342929680119885,106416.810537234
58914,6799154.02322586,-0.000348547465643074,107182.335598451
58914.1,6799141.89493838,-0.000354689297321371,107947.859294256
58914.2,6799129.68033429,-0.000361455764028736,108713.38161456
58914.3,6799117.37941277,-0.000367171151714543,109478.90255009
58914.4,6799104.99217853,-0.00037157579322291,110244.422090948
58914.5,6799092.51863214,-0.000376962262279689,111009.940227601
58914.6,6799079.95877164,-0.000383115236213702,111775.456950845
58914.7,6799067.31259692,-0.00038871919649586,112540.972250857
58914.8,6799054.58010826,-0.000394343807570103,113306.486117102
58914.9,6799041.76130545,-0.000399752930988722,114071.99854001
58915,6799028.85618915,-0.000405508848311824,114837.509509586
58915.1,6799015.86475879,-0.000411792487185425,115603.019016276
58915.2,6799002.78701338,-0.000418683049895724,116368.527050012
58915.3,6798989.62295218,-0.000424460631845802,117134.033601506
58915.4,6798976.37258001,-0.000428995414423499,117899.538660858
58915.5,6798963.0358973,-0.000434535429854055,118665.042218577
58915.6,6798949.61290206,-0.000440799091881329,119430.544265431
58915.7,6798936.10359432,-0.000446510950831203,120196.044791589
58915.8,6798922.5079743,-0.000452219696009686,120961.543786529
58915.9,6798908.82604183,-0.000457658729869321,121727.041240691
58916,6798895.05779756,-0.000463453489728798,122492.537144058
58916.1,6798881.20324095,-0.000469780885477798,123258.031487068
58916.2,6798867.26237095,-0.000476692020627313,124023.524259675
58916.3,6798853.23518692,-0.000482409385598312,124789.015452572
58916.4,6798839.12169378,-0.000486952973180005,125554.505055867
58916.5,6798824.92189182,-0.000492528484782599,126319.99306011
58916.6,6798810.63577901,-0.000498772838557315,127085.479456035
58916.7,6798796.26335553,-0.000504465173744589,127850.964233799
58916.8,6798781.80462155,-0.000510121385672876,128616.44738288
58916.9,6798767.25957694,-0.000515444693814748,129381.928893726
58917,6798752.62822234,-0.000521133915054001,130147.408756318
58917.1,6798737.91055721,-0.000527361366731755,130912.886961086
58917.2,6798723.10658048,-0.000534145653189846,131678.363498005
58917.3,6798708.21629162,-0.000539651444682865,132443.838357756
58917.4,6798693.2396956,-0.000544051721535199,133209.311530457
58917.5,6798678.17679258,-0.000549506042949036,133974.783006699
58917.6,6798663.02758052,-0.000555557065042614,134740.252777175
58917.7,6798647.79205971,-0.000561058744566542,135505.720832024
58917.8,6798632.47023031,-0.000566484531376839,136271.187160714
58917.9,6798617.06209225,-0.000571509032187992,137036.651753698
58918,6798601.56764611,-0.000576911838018698,137802.114600974
58918.1,6798585.98689137,-0.00058285853480351,138567.575692963
58918.2,6798570.31982693,-0.000589333936824265,139333.035019659
58918.3,6798554.56645238,-0.000594451606657423,140098.492571742
58918.4,6798538.72677273,-0.000598531889971406,140863.94833934
58918.5,6798522.800788,-0.000603678277390665,141629.402313084
58918.6,6798506.78849617,-0.000609332810962037,142394.85448362
58918.7,6798490.68989762,-0.000614443193342781,143160.304841063
58918.8,6798474.50499254,-0.000619442867698549,143925.75337487
58918.9,6798458.2337809,-0.000623982180038301,144691.200075504
58919,6798441.8762632,-0.000628915227290172,145456.64493298
58919.1,6798425.43243894,-0.000634397891927474,146222.087937705
58919.2,6798408.90230701,-0.000640382880630185,146987.529079698
58919.3,6798392.28586708,-0.000644936516316804,147752.968349641
58919.4,6798375.58312424,-0.000648522290340168,148518.405737675
58919.5,6798358.79407833,-0.00065317654091501,149283.841234468
58919.6,6798341.91872741,-0.000658243632868617,150049.274830621
58919.7,6798324.95707191,-0.000662773348250055,150814.706516212
58919.8,6798307.90911206,-0.000667177572814329,151580.136280703
58919.9,6798290.77484789,-0.000671086211756533,152345.564114567
58920,6798273.5542798,-0.000675407207877299,153110.990007828
58920.1,6798256.2474073,-0.000680284775433368,153876.413950877
58920.2,6798238.85422925,-0.0006856449679229,154641.835933752
58920.3,6798221.37474544,-0.000689498336327774,155407.255947145
58920.4,6798203.808961,-0.000692455341274671,156172.673981211
58920.5,6798186.15687564,-0.000696479692599638,156938.090026654
58920.6,6798168.41848748,-0.000700828869024107,157703.50407403
58920.7,6798150.593797,-0.00070464822814222,158468.916113374
58920.8,6798132.68280446,-0.00070835439254159,159234.326134169
58920.9,6798114.68550995,-0.000711557563556264,159999.734126896
58921,6798096.60191376,-0.000715194682826277,160765.14008158
58921.1,6798078.43201542,-0.00071939797653185,161530.543988595
58921.2,6798060.17581377,-0.000724073779766919,162295.945837992
58921.3,6798041.83330872,-0.000727157789442358,163061.345620471
58921.4,6798023.40450542,-0.000729419061745131,163826.743326206
58921.5,6798004.88940346,-0.000732749555831111,164592.138945936
58921.6,6797986.28800105,-0.000736333829669878,165357.532470175
58921.7,6797967.60029868,-0.000739395056156419,166122.923888908
58921.8,6797948.82629664,-0.000742376364481094,166888.31319165
58921.9,6797929.96599508,-0.000744868002417327,167653.700368893
58922,6797911.01939419,-0.000747817150250468,168419.085410657
58922.1,6797891.98649351,-0.000751344335965285,169184.468307295
58922.2,6797872.86729186,-0.000755337410577246,169949.849048873
58922.3,6797853.66178928,-0.000757643317740212,170715.227626086
58922.4,6797834.36999096,-0.00075920288183908,171480.604029138
58922.5,6797814.99189635,-0.000761839694753383,172245.978248796
58922.6,6797795.52750376,-0.000764678062553932,173011.350275536
58922.7,6797775.97681367,-0.000766996834578966,173776.720099299
58922.8,6797756.3398264,-0.000769278721740725,174542.087709625
58922.9,6797736.61654216,-0.000771095009353732,175307.453097023
58923,6797716.80696104,-0.000773391576670148,176072.816251508
58923.1,6797696.9110826,-0.000776277513939539,176838.177163417
58923.2,6797676.92890561,-0.000779614083639809,177603.535822823
58923.3,6797656.86043033,-0.000781164150520178,178368.892220409
58923.4,6797636.70566189,-0.00078204623636608,179134.246346411
58923.5,6797616.46459965,-0.000784020328555521,179899.598191619
58923.6,6797596.13724202,-0.000786161306322809,180664.94774648
58923.7,6797575.72358946,-0.0007877813845011,181430.295000892
58923.8,6797555.22364231,-0.000789411947959804,182195.639944421
58923.9,6797534.63740083,-0.000790606582155588,182960.982567589
58924,6797513.96486503,-0.00079229986928827,183726.322860415
58924.1,6797493.20603448,-0.000794589860565485,184491.660813217
58924.2,6797472.36090794,-0.000797299539444811,185256.996416077
58924.3,6797451.42948584,-0.00079812925841825,186022.32965966
58924.4,6797430.4117733,-0.000798367723802176,186787.660534228
58924.5,6797409.30776953,-0.000799718232434823,187552.989030593
58924.6,6797388.11747308,-0.000801218832580361,188318.315139177
58924.7,6797366.8408844,-0.000802193366103332,189083.638849842
58924.8,6797345.47800379,-0.000803229734679935,189848.960152176
58924.9,6797324.02883162,-0.000803864998647371,190614.279036715
58925,6797302.49336778,-0.000805010867335374,191379.595493486
58925.1,6797280.87161188,-0.000806754533432071,192144.909512789
58925.2,6797259.16356264,-0.000808872338228202,192910.221084718
58925.3,6797237.36922075,-0.000809030987119107,193675.530199912
58925.4,6797215.4885912,-0.000808669957029345,194440.836848661
58925.5,6797193.52167312,-0.000809442029825093,195206.141021787
58925.6,6797171.46846517,-0.000810366337412565,195971.442709695
58925.7,6797149.32896779,-0.000810757951652096,196736.741902217
58925.8,6797127.10318127,-0.000811263167828765,197502.03858896
58925.9,6797104.79110601,-0.000811405952003542,198267.332760473
58926,6797082.39274188,-0.000812065330584585,199032.624406794
58926.1,6797059.90808848,-0.00081331742889863,199797.91351821
58926.2,6797037.33714452,-0.000814887715354664,200563.200084823
58926.3,6797014.67991094,-0.000814437859833543,201328.484097252
58926.4,6796991.9363926,-0.000813533281691494,202093.76554581
58926.5,6796969.10658852,-0.000813777957542281,202859.044421318
58926.6,6796946.19049747,-0.000814195216106154,203624.320714172
58926.7,6796923.18811993,-0.000814075216689229,204389.594414175
58926.8,6796900.09945611,-0.000814114074224074,205154.865510956
58926.9,6796876.9245065,-0.000813829023608562,205920.133995068
58927,6796853.66327091,-0.000814062651264684,206685.399856571
58927.1,6796830.31574897,-0.000814880931621004,207450.663085733
58927.2,6796806.88193938,-0.00081596013965885,208215.92367267
58927.3,6796783.36184333,-0.000814978359984608,208981.18160799
58927.4,6796759.75546552,-0.000813597749032032,209746.436882022
58927.5,6796736.06280485,-0.000813372413162538,210511.689485571
58927.6,6796712.28386022,-0.000813354863124868,211276.939409037
58927.7,6796688.41863215,-0.00081280216151215,212042.186642192
58927.8,6796664.46712076,-0.000812444291841385,212807.431174688
58927.9,6796640.42932664,-0.000811798013861406,213572.672997081
58928,6796616.30524954,-0.000811671231032454,214337.912099445
58928.1,6796592.09488912,-0.000812123394201644,215103.148472036
58928.2,6796567.79824412,-0.000812795665962692,215868.382104993
58928.3,6796543.41531591,-0.00081139044294973,216633.612988922
58928.4,6796518.94610906,-0.000809629280466783,217398.841114153
58928.5,6796494.39062234,-0.0008090159277811,218164.066471467
58928.6,6796469.74885474,-0.000808653911166881,218929.289051278
58928.7,6796445.02080688,-0.000807769419138654,219694.508843326
58928.8,6796420.20647876,-0.000807108867985339,220459.725837293
58928.9,6796395.30587107,-0.000806192485848569,221224.940023719
58929,6796370.31898352,-0.000805797077084913,221990.151392701
58929.1,6796345.24581581,-0.000805981119107452,222755.359934481
58929.2,6796320.08636666,-0.000806374406797062,223520.565639234
58929.3,6796294.84063768,-0.000804699940945023,224285.768497565
58929.4,6796269.5086333,-0.000802701229803569,225050.968499796
58929.5,6796244.09035215,-0.000801828951620399,225816.16563668
58929.6,6796218.5857933,-0.000801250297695943,226581.359898651
58929.7,6796192.99495745,-0.000800173557943716,227346.551275415
58929.8,6796167.31784453,-0.000799344018234986,228111.739756689
58929.9,6796141.55445528,-0.00079828865004189,228876.92533299
58930,6796115.70478942,-0.000797756193974861,229642.107994431
58930.1,6796089.76884665,-0.000797809487151033,230407.287731241
58930.2,6796063.74662569,-0.000798080592923601,231172.464533644
58930.3,6796037.63812836,-0.000796309099880505,231937.638392241
58930.4,6796011.443359,-0.000794245974607248,232702.809297336
58930.5,6795985.16231609,-0.000793277916190709,233467.977239667
58930.6,6795958.79499873,-0.00079263466547002,234233.142209682
58930.7,6795932.34140775,-0.000791527903572241,234998.304197053
58930.8,6795905.80154297,-0.000790682956671409,235763.463191541
58930.9,6795879.17540524,-0.000789639137254429,236528.619183624
58931,6795852.46299424,-0.000789118986512677,237293.772163435
58931.1,6795825.6643097,-0.000789193475787156,238058.922121187
58931.2,6795798.77935028,-0.000789483541026997,238824.069047149
58931.3,6795771.80811805,-0.00078775104103571,239589.212931913
58931.4,6795744.75061726,-0.000785775475425401,240354.353765781
58931.5,6795717.60684629,-0.000784860652188081,241119.491539477
58931.6,6795690.37680421,-0.0007842844204969,241884.626243461
58931.7,6795663.06049198,-0.00078328615112178,242649.757867366
58931.8,6795635.65790935,-0.000782552001545897,243414.886401008
58931.9,6795608.16905724,-0.000781643920839112,244180.011834821
58932,6795580.59393531,-0.000781258667411617,244945.134158948
58932.1,6795552.93254332,-0.000781476540500094,245710.253363592
58932.2,6795525.18487985,-0.000781874855905928,246475.369439046
58932.3,6795497.35094724,-0.000780254260856431,247240.482375895
58932.4,6795469.43074968,-0.00077846276455769,248005.592164463
58932.5,6795441.4242854,-0.000777701004111,248770.698795465
58932.6,6795413.33155346,-0.000777272495176598,249535.802259358
58932.7,6795385.15255496,-0.000776466230409192,250300.90254574
58932.8,6795356.88728953,-0.000775909945870604,251065.999644486
58932.9,6795328.53575822,-0.000775205216069826,251831.09354598
58933,6795300.09796067,-0.000775022669717832,252596.184240381
58933.1,6795271.57389662,-0.000775449133929817,253361.271717875
58933.2,6795242.96356464,-0.000775990408757585,254126.355968767
58933.3,6795214.26696728,-0.00077450772848332,254891.436983634
58933.4,6795185.4841087,-0.000772949297647082,255656.514752847
58933.5,6795156.61498697,-0.000772395882839861,256421.589267111
58933.6,6795127.65960116,-0.000772152685402051,257186.660516867
58933.7,6795098.61795244,-0.00077157611726864,257951.728491685
58933.8,6795069.49004041,-0.000771214485147033,258716.793181484
58933.9,6795040.2758662,-0.000770731632429715,259481.854576616
58934,6795010.97542944,-0.000770772602736049,260246.912667251
58934.1,6794981.58872986,-0.000771423824546957,261011.967443559
58934.2,6794952.11576602,-0.000772109917500388,261777.018895847
58934.3,6794922.55654071,-0.000770772476125024,262542.067014689
58934.4,6794892.91105797,-0.000769473551683711,263307.111790519
58934.5,6794863.17931578,-0.000769160235609805,264072.153214028
58934.6,6794833.36131317,-0.000769119209102237,264837.191275632
58934.7,6794803.45705145,-0.000768789006404087,265602.225964869
58934.8,6794773.46653015,-0.000768619200095591,266367.257271693
58934.9,6794743.38975048,-0.000768356627604649,267132.285186439
58935,6794713.22671205,-0.000768622422736637,267897.309699288
58935.1,6794682.97741461,-0.000769493817824856,268662.330800394
58935.2,6794652.64185669,-0.000770318925651091,269427.348480065
58935.3,6794622.22004132,-0.000769132862931729,270192.362728877
58935.4,6794591.71197242,-0.000768113239228179,270957.373537334
58935.5,6794561.11764785,-0.000768059861916558,271722.380896108
58935.6,6794530.43706666,-0.000768228423029018,272487.384795582
58935.7,6794499.67023025,-0.000768151048350179,273252.385225261
58935.8,6794468.81713813,-0.000768172198504621,274017.382175126
58935.9,6794437.87779156,-0.000768130284825989,274782.375635505
58936,6794406.85219015,-0.000768623688038059,275547.365596592
58936.1,6794375.74033362,-0.000769713048152204,276312.352048525
58936.2,6794344.54222054,-0.000770679117129069,277077.334981614
58936.3,6794313.25785411,-0.000769657872895228,277842.314386441
58936.4,6794281.88723813,-0.000768937065079236,278607.290253578
58936.5,6794250.43037039,-0.000769155948519636,279372.262573681
58936.6,6794218.88724994,-0.000769535376570993,280137.231337091
58936.7,6794187.25787824,-0.000769708098318878,280902.19653328
58936.8,6794155.54225486,-0.000769926179170494,281667.15815226
58936.9,6794123.74038106,-0.00077011280355578,282432.116184351
58937,6794091.85225644,-0.000770843534258862,283197.070619761
58937.1,6794059.87788073,-0.000772159560683624,283962.021448609
58937.2,6794027.81725249,-0.000773280071329857,284726.968661209
58937.3,6793995.67037512,-0.000772445703169684,285491.912248152
58937.4,6793963.43725225,-0.000772043937701733,286256.852200072
58937.5,6793931.11788162,-0.000772545121603863,287021.788507612
58937.6,6793898.71226234,-0.00077313584234964,287786.721161073
58937.7,6793866.22039589,-0.000773553587163271,288551.650149888
58937.8,6793833.64228191,-0.000773979959711091,289316.575464114
58937.9,6793800.97792165,-0.000774408237267243,290081.497094054
58938,6793768.22731468,-0.00077539103735115,290846.415029929
58938.1,6793735.39046078,-0.000776954334562297,291611.32926184
58938.2,6793702.46735847,-0.000778252526678223,292376.239780099
58938.3,6793669.45801136,-0.000777629867658741,293141.146575313
58938.4,6793636.36242288,-0.000777563890242956,293906.049638167
58938.5,6793603.18059079,-0.000778358706231104,294670.9489593
58938.6,6793569.91251419,-0.000779165001975402,295435.844528968
58938.7,6793536.55819463,-0.000779829476350426,296200.736336567
58938.8,6793503.1176318,-0.00078047856250486,296965.624372213
58938.9,6793469.59082693,-0.000781164098483827,297730.50862618
58939,6793435.97777959,-0.000782416075664963,298495.389088706
58939.1,6793402.27848957,-0.000784256444324217,299260.265749869
58939.2,6793368.49295541,-0.000785760974265193,300025.138599978
58939.3,6793334.62118086,-0.000785371466087529,300790.007629654
58939.4,6793300.66316915,-0.000785650017221623,301554.872829632
58939.5,6793266.6189181,-0.000786750040681319,302319.734190546
58939.6,6793232.48842683,-0.000787779272833495,303084.591702606
58939.7,6793198.27169692,-0.000788698183405596,303849.445355179
58939.8,6793163.96872809,-0.000789582833102483,304614.295138441
58939.9,6793129.57952158,-0.000790539420605527,305379.141042636
58940,6793095.10407693,-0.000792075030299751,306143.983058018
58940.1,6793060.54239397,-0.000794221234823164,306908.821174643
58940.2,6793025.89447124,-0.000795956069141629,307673.655382811
58940.3,6792991.16031264,-0.000795815168928932,308438.485673163
58940.4,6792956.33992121,-0.000796438588657257,309203.312036471
58940.5,6792921.43329482,-0.00079785261508574,309968.134463372
58940.6,6792886.44043264,-0.000799111623373992,310732.952944027
58940.7,6792851.36133624,-0.000800290964187621,311497.76746778
58940.8,6792816.19600539,-0.0008014195897269,312262.578024863
58940.9,6792780.94444131,-0.000802655659037699,313027.384605496
58941,6792745.60664354,-0.000804481707652987,313792.187199948
58941.1,6792710.18261192,-0.000806949062666886,314556.985798254
58941.2,6792674.672345,-0.000808922988790019,315321.780390703
58941.3,6792639.07584688,-0.000809039783707871,316086.570967953
58941.4,6792603.39312037,-0.000810002855670103,316851.35752081
58941.5,6792567.62416338,-0.000811736615860249,317616.140039915
58941.6,6792531.76897516,-0.000813231806174572,318380.918515384
58941.7,6792495.82755724,-0.000814675136903385,319145.692936539
58941.8,6792459.79990947,-0.000816057743337018,319910.463293661
58941.9,6792423.68603303,-0.000817581452677545,320675.229576954
58942,6792387.48592745,-0.000819701098481139,321439.991776704
58942.1,6792351.19959256,-0.000822491552176846,322204.749882923
58942.2,6792314.827027,-0.000824701115488243,322969.503885895
58942.3,6792278.36823501,-0.000825083308842589,323734.253776286
58942.4,6792241.82321915,-0.000826381325668425,324498.999544934
58942.5,6792205.19197745,-0.000828442845052171,325263.741182485
58942.6,6792168.47450918,-0.000830186819306905,326028.478679014
58942.7,6792131.67081586,-0.000831904401079353,326793.212023822
58942.8,6792094.78089739,-0.000833562456704016,327557.941207232
58942.9,6792057.80475491,-0.000835392394755659,328322.666219437
58943,6792020.74238795,-0.000837816147080013,329087.387050744
58943.1,6791983.59379633,-0.000840930511862793,329852.103691143
58943.2,6791946.35897878,-0.000843373893152027,330616.816130916
58943.3,6791909.03793968,-0.00084403723227184,331381.524360733
58943.4,6791871.63068136,-0.000845672366147718,332146.228371455
58943.5,6791834.13720192,-0.000848077225981092,332910.928153735
58943.6,6791796.55750073,-0.000850094822587678,333675.623697615
58943.7,6791758.89157923,-0.000852109315029641,334440.314992374
58943.8,6791721.13943737,-0.000854074696293102,335205.002028367
58943.9,6791683.30107628,-0.000856240167504146,335969.684795786
58944,6791645.37649548,-0.000858988119514811,336734.363284956
58944.1,6791607.36569477,-0.000862432629736195,337499.03748585
58944.2,6791569.26867301,-0.000865116922317353,338263.707388752
58944.3,6791531.08543469,-0.000866086527225245,339028.372984332
58944.4,6791492.81598188,-0.000868065313463236,339793.034263466
58944.5,6791454.46031279,-0.000870831009624552,340557.69121681
58944.6,6791416.01842687,-0.000873153412420597,341322.343834384
58944.7,6791377.49032551,-0.000875492234392025,342086.992105447
58944.8,6791338.87600868,-0.000877793565535512,342851.636020377
58944.9,6791300.1754775,-0.000880320679089582,343616.275569369
58945,6791261.3887315,-0.000883411901029006,344380.910742767
58945.1,6791222.51577046,-0.000887193552123026,345145.541530529
58945.2,6791183.55659336,-0.000890134919034767,345910.167922946
58945.3,6791144.51120479,-0.000891436783135871,346674.789910689
58945.4,6791105.37960658,-0.000893761559061033,347439.407484633
58945.5,6791066.16179701,-0.000896895830528908,348204.020635434
58945.6,6791026.85777567,-0.000899546760951731,348968.629353107
58945.7,6790987.46754385,-0.000902230695783952,349733.233626891
58945.8,6790947.99110155,-0.000904884340466669,350497.83344718
58945.9,6790908.4284499,-0.00090778638717576,351262.428804171
58946,6790868.77958843,-0.000911232345680426,352027.01968823
58946.1,6790829.04451691,-0.000915357499373559,352791.6060893
58946.2,6790789.22323446,-0.000918586994009643,353556.187997688
58946.3,6790749.31574571,-0.00092024616904403,354320.765404066
58946.4,6790709.32205229,-0.000922918651447995,355085.338299288
58946.5,6790669.24215253,-0.000926421436813303,355849.906674017
58946.6,6790629.07604615,-0.000929414603007554,356614.470518267
58946.7,6790588.82373437,-0.00093245831105802,357379.029821267
58946.8,6790548.4852172,-0.000935474785794213,358143.584573421
58946.9,6790508.06049579,-0.000938759270964679,358908.134764922
58947,6790467.5495697,-0.000942570953450703,359672.680386158
58947.1,6790426.95243864,-0.000947052505170329,360437.22142706
58947.2,6790386.26910189,-0.000950617537135621,361201.757877963
58947.3,6790345.49956412,-0.000952664180172178,361966.289729529
58947.4,6790304.64382678,-0.00095570089671551,362730.816972588
58947.5,6790263.70188821,-0.00095957958919743,363495.339597805
58947.6,6790222.67374827,-0.000962930358942699,364259.857595205
58947.7,6790181.55940812,-0.000966351065724768,365024.370954011
58947.8,6790140.35886778,-0.000969743476559313,365788.879664633
58947.9,6790099.0721284,-0.000973421153521973,366553.383717256
58948,6790057.69918959,-0.000977614982070816,367317.883102284
58948.1,6790016.24005103,-0.000982472957269143,368082.377809643
58948.2,6789974.69471208,-0.000986413522613256,368846.867829698
58948.3,6789933.06317751,-0.000988875185449003,369611.353153099
58948.4,6789891.34544861,-0.000992307474040906,370375.833770651
58948.5,6789849.54152369,-0.00099657867232543,371140.309673022
58948.6,6789807.65140276,-0.00100030696680522,371904.780850245
58948.7,6789765.67508689,-0.00100412127582031,372669.247291546
58948.8,6789723.61257613,-0.00100789695482364,373433.708987342
58948.9,6789681.46387167,-0.00101197309233171,374198.1659278
58949,6789639.22897313,-0.00101655933229395,374962.618103336
58949.1,6789596.90788015,-0.0010218045934413,375727.065503877
58949.2,6789554.50059216,-0.00102611826808141,376491.508119814
58949.3,6789512.00711408,-0.0010289957682035,377255.945941787
58949.4,6789469.42744703,-0.00103284415122374,378020.378960585
58949.5,6789426.76158928,-0.00103751183668151,378784.807166869
58949.6,6789384.00954099,-0.00104162374531116,379549.230550681
58949.7,6789341.17130313,-0.00104582622069746,380313.649101256
58949.8,6789298.24687578,-0.00104996303393095,381078.06280902
58949.9,6789255.23626016,-0.00105441376966113,381842.471664112
58950,6789212.13945594,-0.00105937272271017,382606.875656962
58950.1,6789168.9564627,-0.00106498290034246,383371.274777496
58950.2,6789125.68727994,-0.00106961311845718,384135.669016126
58950.3,6789082.33191272,-0.0010728650881658,384900.058363485
58950.4,6789038.89036201,-0.00107711294792897,385664.442810362
58950.5,6788995.36262603,-0.001082146352652,386428.8223474
58950.6,6788951.74870509,-0.00108661290503835,387193.196964648
58950.7,6788908.04860006,-0.0010911545255521,387957.566651349
58950.8,6788864.26231105,-0.0010955809005404,388721.931397941
58950.9,6788820.38983932,-0.00110033414893916,389486.291194536
58951,6788776.43118457,-0.00110559771267346,390250.646031573
58951.1,6788732.38634632,-0.00111150041117702,391014.995898981
58951.2,6788688.25532417,-0.001116349206045,391779.340787181
58951.3,6788644.0381233,-0.00111989467848387,392543.680686812
58951.4,6788599.73474453,-0.00112447983748659,393308.015588673
58951.5,6788555.34518602,-0.00112980742507208,394072.345483377
58951.6,6788510.86944824,-0.00113455814042163,394836.670360976
58951.7,6788466.30753198,-0.00113934305558305,395600.990210719
58951.8,6788421.65943737,-0.00114393844114202,396365.305023056
58951.9,6788376.9251657,-0.00114887458090725,397129.614788081
58952,6788332.10471671,-0.0011543261238639,397893.919496238
58952.1,6788287.19808986,-0.00116039968727989,398658.219137458
58952.2,6788242.20528484,-0.00116534046280845,399422.513702171
58952.3,6788197.12630695,-0.00116906472996004,400186.803181025
58952.4,6788151.96115682,-0.0011738807546241,400951.087564842
58952.5,6788106.70983263,-0.00117939063710646,401715.36684419
58952.6,6788061.37233495,-0.00118431546766496,402479.641009121
58952.7,6788015.94866454,-0.00118921468639142,403243.910048888
58952.8,6787970.43882157,-0.0011938328740552,404008.173953955
58952.9,6787924.84280732,-0.00119880739536469,404772.432714403
58953,6787879.16062153,-0.00120430323949704,405536.686320678
58953.1,6787833.39226364,-0.00121039887828805,406300.934762717
58953.2,6787787.53773345,-0.00121528717653454,407065.178030952
58953.3,6787741.59703631,-0.00121905010678786,407829.416116056
58953.4,6787695.57017269,-0.00122395384326303,408593.649008868
58953.5,6787649.45714079,-0.00122949719583361,409357.876699911
58953.6,6787603.25794131,-0.00123445077950307,410122.099179228
58953.7,6787556.97257499,-0.00123932115143404,410886.316436079
58953.8,6787510.60104207,-0.00124382298422875,411650.528460943
58953.9,6787464.14334374,-0.0012486988279482,412414.73524389
58954,6787417.59947978,-0.001254101018927,413178.936775365
58954.1,6787370.96944958,-0.00126007640498465,413943.133045312
58954.2,6787324.25325306,-0.00126477174637347,414707.324044164
58954.3,6787277.45089561,-0.00126843102117374,415471.509762626
58954.4,6787230.56237754,-0.00127326645847659,416235.690191555
58954.5,6787183.58769708,-0.00127867749363771,416999.865321425
58954.6,6787136.52685505,-0.0012834961968101,417764.035142265
58954.7,6787089.37985223,-0.00128819830692735,418528.19964335
58954.8,6787042.14668889,-0.00129247216493482,419292.358815177
58954.9,6786994.82736614,-0.00129714024733179,420056.512647798
58955,6786947.42188377,-0.00130233877208544,420820.661131653
58955.1,6786899.93024113,-0.00130808144658871,421584.804256694
58955.2,6786852.35243827,-0.00131246966461764,422348.942013353
58955.3,6786804.68848061,-0.00131590732011342,423113.07439238
58955.4,6786756.93836828,-0.00132053737318683,423877.201384638
58955.5,6786709.10209958,-0.00132566655518665,424641.322980562
58955.6,6786661.17967542,-0.0013301993127195,425405.439170157
58955.7,6786613.17109663,-0.00133461157468826,426169.549942723
58955.8,6786565.07636352,-0.00133857077934851,426933.655288776
58955.9,6786516.89547712,-0.00134294712879379,427697.755198344
58956,6786468.6284372,-0.00134785849621855,428461.849661859
58956.1,6786420.27524313,-0.00135328666108247,429225.938669282
58956.2,6786371.83589503,-0.0013572809719221,429990.022211038
58956.3,6786323.31039836,-0.00136040653231803,430754.100277932
58956.4,6786274.69875308,-0.00136472518368757,431518.172860829
58956.5,6786226.00095758,-0.00136945821323043,432282.23995013
58956.6,6786177.21701287,-0.00137358813056554,433046.301535804
58956.7,6786128.34691976,-0.00137761197576883,433810.357607188
58956.8,6786079.39067865,-0.00138118010374525,434574.408154818
58956.9,6786030.34829044,-0.0013851906359511,435338.453168695
58957,6785981.21975496,-0.00138974287638307,436102.492639237
58957.1,6785932.00507153,-0.00139479107718624,436866.526556414
58957.2,6785882.70424039,-0.00139831551473905,437630.554910643
58957.3,6785833.31726702,-0.00140104707871605,438394.577692793
58957.4,6785783.84415122,-0.00140496522338273,439158.594893722
58957.5,6785734.28489149,-0.00140921469159375,439922.606503804
58957.6,6785684.63948889,-0.00141285430769035,440686.612512962
58957.7,6785634.90794425,-0.00141640841667818,441450.612910576
58957.8,6785585.09025799,-0.00141951059387314,442214.607687201
58957.9,6785535.18643096,-0.00142308172718641,442978.596832811
58958,6785485.19646299,-0.00142720386701161,443742.580337812
58958.1,6785435.12035339,-0.0014318078609679,444506.558192181
58958.2,6785384.95810254,-0.00143478468840129,445270.530386326
58958.3,6785334.70971589,-0.00143703510599359,446034.49691118
58958.4,6785284.37519311,-0.00144046421568647,446798.457757597
58958.5,6785233.95453282,-0.00144415278026663,447562.412915924
58958.6,6785183.44773612,-0.00144722668129004,448326.36237603
58958.7,6785132.85480383,-0.00145023857463891,449090.306127338
58958.8,6785082.17573643,-0.00145280417900857,449854.244160424
58958.9,6785031.41053468,-0.00145586460064282,450618.176465244
58959,6784980.55919843,-0.00145948695007352,451382.103032183
58959.1,6784929.62172698,-0.00146357753088498,452146.023851228
58959.2,6784878.59812086,-0.00146592971733205,452909.938912783
58959.3,6784827.48838549,-0.00146761278928504,453673.848207837
58959.4,6784776.29252041,-0.0014704674997253,454437.751727243
58959.5,6784725.01052437,-0.00147352555064207,455201.649461321
58959.6,6784673.64239848,-0.00147596553288322,455965.541399883
58959.7,6784622.18814357,-0.001478372925483,456729.427532395
58959.8,6784570.64776017,-0.00148034478742321,457493.307849454
58959.9,6784519.02124894,-0.00148283412478617,458257.182341
58960,6784467.30860976,-0.00148589636382042,459021.050997402
58960.1,6784415.50984189,-0.00148940621574155,459784.913808651
58960.2,6784363.62494612,-0.00149107150610191,460548.770765156
58960.3,6784311.65392773,-0.00149212066795134,461312.62185795
58960.4,6784259.59678618,-0.00149433625904831,462076.467077888
58960.5,6784207.45352034,-0.00149671564238333,462840.306415266
58960.6,6784155.22413132,-0.00149847418926675,463604.139859841
58960.7,6784102.90861995,-0.00150023795157848,464367.967401115
58960.8,6784050.50698681,-0.00150158379935981,465131.789029705
58960.9,6783998.01923247,-0.00150346464033407,465895.604735544
58961,6783945.44535684,-0.00150592761541451,466659.414508982
58961.1,6783892.78535916,-0.00150880613251366,467423.218340018
58961.2,6783840.03924045,-0.00150975271376747,468187.016219071
58961.3,6783787.20700591,-0.00151013834094789,468950.808137199
58961.4,6783734.28865485,-0.00151168575289464,469714.594085265
58961.5,6783681.28418627,-0.0015133752501003,470478.374053546
58961.6,6783628.19360131,-0.00151444253431943,471242.148031744
58961.7,6783575.01690078,-0.0015155602075207,472005.916009395
58961.8,6783521.75408529,-0.00151628266932579,472769.677977131
58961.9,6783468.40515534,-0.001517551645121,473533.433924887
58962,6783414.97011087,-0.0015194078246994,474297.183842996
58962.1,6783361.44895111,-0.0015216349856611,475060.927721464
58962.2,6783307.84167732,-0.00152187098686524,475824.665550725
58962.3,6783254.14829458,-0.00152160849959769,476588.39732185
58962.4,6783200.36880209,-0.00152249898350894,477352.123025703
58962.5,6783146.50319896,-0.00152353161930028,478115.842652549
58962.6,6783092.55148637,-0.00152394399228992,478879.556192049
58962.7,6783038.51366506,-0.00152445627337223,479643.263633758
58962.8,6782984.38973573,-0.00152459898174835,480406.964968322
58962.9,6782930.17969879,-0.00152529385059657,481170.660185687
58963,6782875.88355421,-0.00152657516562182,481934.349276169
58963.1,6782821.5013012,-0.00152817766881733,482698.032229785
58963.2,6782767.03294131,-0.00152776151581592,483461.709036989
58963.3,6782712.47847945,-0.00152691564500583,484225.37968885
58963.4,6782657.8379147,-0.00152720615860303,484989.044176222
58963.5,6782603.11124631,-0.00152766396237856,485752.70248937
58963.6,6782548.29847547,-0.00152750891832626,486516.354617923
58963.7,6782493.39960288,-0.00152750578629103,487280.00055145
58963.8,6782438.4146293,-0.0015271604330651,488043.640280603
58963.9,6782383.34355508,-0.0015273682868417,488807.273795346
58964,6782328.1863802,-0.00152815779506401,489570.901085986
58964.1,6782272.94310392,-0.00152923338952435,490334.522142546
58964.2,6782217.61372797,-0.00152829366234883,491098.136955509
58964.3,6782162.19825714,-0.00152698874866339,491861.745515931
58964.4,6782106.6966904,-0.00152679830703376,492625.347814643
58964.5,6782051.1090271,-0.00152682151890821,493388.943841916
58964.6,6781995.43526848,-0.00152624586959173,494152.533587358
58964.7,6781939.67541516,-0.00152587612392577,494916.117040551
58964.8,6781883.82946799,-0.00152519236411799,495679.694192146
58964.9,6781827.89742727,-0.00152506028619625,496443.265032131
58965,6781771.879293,-0.00152550563379725,497206.829550799
58965.1,6781715.77506443,-0.00152623425547635,497970.38773819
58965.2,6781659.58474352,-0.00152497446027931,498733.939584818
58965.3,6781603.30833491,-0.00152339770638199,499497.485081721
58965.4,6781546.94583749,-0.00152291410524406,500261.02421969
58965.5,6781490.49725066,-0.0015226986288804,501024.55698901
58965.6,6781433.96257574,-0.00152190479159522,501788.083379272
58965.7,6781377.34181328,-0.00152136985432593,502551.603380078
58965.8,6781320.63496422,-0.00152054937709095,503315.116982068
58965.9,6781263.84202879,-0.00152027773920819,504078.624175254
58966,6781206.96300704,-0.00152058292217596,504842.12494992
58966.1,6781149.99789818,-0.00152119018614638,505605.619296122
58966.2,6781092.94670436,-0.00151984033492351,506369.10720441
58966.3,6781035.80943016,-0.00151820797650493,507132.588665804
58966.4,6780978.58607437,-0.00151765142931153,507896.063671047
58966.5,6780921.27663639,-0.00151740913552475,508659.532210433
58966.6,6780863.88111767,-0.00151661601710138,509422.994273543
58966.7,6780806.39951863,-0.00151612604813278,510186.449850001
58966.8,6780748.83184035,-0.00151537901885747,510949.898930434
58966.9,6780691.17808302,-0.00151517671346776,511713.341504877
58967,6780633.43824669,-0.00151555371412694,512476.777563604
58967.1,6780575.61233051,-0.00151623566280711,513240.207096685
58967.2,6780517.70033683,-0.0015149702946683,514003.630094708
58967.3,6780459.70227024,-0.00151346345303693,514767.046548686
58967.4,6780401.61812938,-0.00151301926775177,515530.456449307
58967.5,6780343.44791363,-0.00151291528330665,516293.859786869
58967.6,6780285.19162461,-0.00151229579971861,517057.256550941
58967.7,6780226.84926258,-0.00151200484430635,517820.646731174
58967.8,6780168.42082877,-0.00151148512680665,518584.030318181
58967.9,6780109.90632334,-0.00151150527908857,519347.407302021
58968,6780051.30574634,-0.00151210844261907,520110.777672954
58968.1,6779992.61909685,-0.00151297470979481,520874.141421063
58968.2,6779933.84637745,-0.00151187122464797,521637.498536972
58968.3,6779874.98759271,-0.00151059526826353,522400.849011701
58968.4,6779816.04274113,-0.0015103735846993,523164.192835885
58968.5,6779757.01182209,-0.00151049360102476,523927.529999814
58968.6,6779697.89483731,-0.0015101384903121,524690.860493044
58968.7,6779638.69178696,-0.00151010911483584,525454.184305251
58968.8,6779579.40267238,-0.00150987906452825,526217.501427044
58968.9,6779520.02749373,-0.00151018517938678,526980.811848498
58969,6779460.56625106,-0.00151107763320042,527744.115559863
58969.1,6779401.01894337,-0.00151215186322631,528507.412551227
58969.2,6779341.38557351,-0.00151121925077135,529270.702813249
58969.3,6779281.66614597,-0.00151021671540764,530033.986336972
58969.4,6779221.86065915,-0.00151026592056566,530797.263112985
58969.5,6779161.96911239,-0.00151063600636957,531560.533131551
58969.6,6779101.99150754,-0.00151057039469153,532323.796382215
58969.7,6779041.92784466,-0.00151079460574382,533087.052854681
58969.8,6778981.77812523,-0.00151084644827731,533850.302539549
58969.9,6778921.54234938,-0.00151143348541694,534613.545426917
58970,6778861.22051717,-0.0015126074471986,535376.781507022
58970.1,6778800.81262756,-0.00151386662086098,536140.01076995
58970.2,6778740.31868364,-0.00151309474281192,536903.233206394
58970.3,6778679.7386898,-0.00151237925117012,537666.448807437
58970.4,6778619.07264433,-0.00151271623355727,538429.657563624
58970.5,6778558.32054656,-0.00151333727917965,539192.859465183
58970.6,6778497.48239846,-0.00151355842749689,539956.054501639
58970.7,6778436.55820001,-0.00151400683666061,540719.242662732
58970.8,6778375.5479528,-0.00151431213682038,541482.423939057
58970.9,6778314.45165693,-0.001515154420536,542245.598320727
58971,6778253.26931246,-0.00151657876798804,543008.765797965
58971.1,6778192.00091836,-0.00151799265817508,543771.926360852
58971.2,6778130.64647792,-0.00151737473173222,544535.080000119
58971.3,6778069.20599541,-0.00151694900773536,545298.226706892
58971.4,6778007.679469,-0.00151757174342474,546061.36647168
58971.5,6777946.06689806,-0.00151843223048781,546824.499284665
58971.6,6777884.36828465,-0.00151892778378824,547587.625135353
58971.7,6777822.58362872,-0.00151958235944503,548350.744013531
58971.8,6777760.71293194,-0.00152012457797209,549113.85590978
58971.9,6777698.75619437,-0.00152120793470269,549876.960814227
58972,6777636.71341608,-0.00152286301708571,550640.05871708
58972.1,6777574.58459604,-0.00152441644565588,551403.149608413
58972.2,6777512.36973776,-0.00152395415488996,552166.233478991
58972.3,6777450.06884531,-0.00152381839155334,552929.310319991
58972.4,6777387.6819168,-0.0015247133484481,553692.380121884
58972.5,6777325.20895165,-0.00152579206679681,554455.442874811
58972.6,6777262.649952,-0.00152654161582539,555218.49856825
58972.7,6777200.00491782,-0.00152739916581267,555981.547192054
58972.8,6777137.27385078,-0.00152817665750608,556744.588736776
58972.9,6777074.45675094,-0.00152950216172848,557507.623192559
58973,6777011.55361837,-0.00153138743439223,558270.650549594
58973.1,6776948.56445206,-0.00153308539036224,559033.670797943
58973.2,6776885.4892557,-0.00153279368596565,559796.683928414
58973.3,6776822.32803317,-0.00153295533120258,560559.689932223
58973.4,6776759.08078254,-0.00153411291342462,561322.688799808
58973.5,6776695.74750326,-0.00153538929352086,562085.680521273
58973.6,6776632.32819757,-0.00153637019336496,562848.665086068
58973.7,6776568.82286544,-0.0015374310735576,563611.642484118
58973.8,6776505.23150855,-0.00153844543922719,564374.612705944
58973.9,6776441.55412696,-0.00154001780708826,565137.575741701
58974,6776377.79072076,-0.00154214175924672,565900.531581568
58974.1,6776313.94128894,-0.00154399885013422,566663.480215589
58974.2,6776250.00583537,-0.00154389748505027,567426.421634617
58974.3,6776185.98436372,-0.00154436572814131,568189.355829902
58974.4,6776121.87687204,-0.00154578275700587,568952.282791853
58974.5,6776057.68335983,-0.00154723947391599,569715.20251054
58974.6,6775993.4038294,-0.00154843078907783,570478.114975383
58974.7,6775929.03828073,-0.00154968388543553,571241.020176383
58974.8,6775864.58671552,-0.00155092485757525,572003.918104027
58974.9,6775800.0491338,-0.00155273631615973,572766.808748479
58975,6775735.4255357,-0.00155509919889548,573529.692099911
58975.1,6775670.71592023,-0.00155711862618801,574292.568148344
58975.2,6775605.9202914,-0.00155720614002523,575055.436884679
58975.3,6775541.03865267,-0.00155796562101343,575818.298300193
58975.4,6775476.07100212,-0.00155962376677556,576581.15238527
58975.5,6775411.01733929,-0.00156123025055969,577343.999129949
58975.6,6775345.87766655,-0.00156260077875105,578106.838523622
58975.7,6775280.65198386,-0.00156401006642226,578869.670556361
58975.8,6775215.34029295,-0.00156544186428669,579632.495218622
58975.9,6775149.94259384,-0.00156745755247124,580395.312500577
58976,6775084.45888668,-0.00157003478843299,581158.12239239
58976.1,6775018.88917053,-0.00157219129785284,581920.924884061
58976.2,6774953.23344951,-0.00157243006437162,582683.719966535
58976.3,6774887.49172688,-0.00157342641118531,583446.507631112
58976.4,6774821.66400075,-0.0015752776350174,584209.287868159
58976.5,6774755.75027076,-0.00157698067996446,584972.060667686
58976.6,6774689.75053924,-0.0015784786562661,585734.826019054
58976.7,6774623.6648062,-0.00157998521869782,586497.583912408
58976.8,6774557.49307337,-0.00158154807916289,587260.33433817
58976.9,6774491.23534076,-0.00158370728926045,588023.07728652
58977,6774424.89160852,-0.00158644848592684,588785.812747612
58977.1,6774358.46187578,-0.00158869227404648,589548.540711432
58977.2,6774291.94614681,-0.00158902663297653,590311.261168963
58977.3,6774225.3444246,-0.00159018966094289,591073.974111522
58977.4,6774158.65670737,-0.00159217628401279,591836.679529471
58977.5,6774091.88299478,-0.00159392172758674,592599.377412786
58977.6,6774025.0232892,-0.0015954927359321,593362.0677508
58977.7,6773958.07759064,-0.00159704176839257,594124.750533731
58977.8,6773891.04590082,-0.00159867887512986,594887.425751962
58977.9,6773823.92821972,-0.00160092218219161,595650.093395687
58978,6773756.72454755,-0.00160377522533964,596412.753455041
58978.1,6773689.43488347,-0.00160605863143294,597175.405920008
58978.2,6773622.05923192,-0.00160645017931439,597938.050781606
58978.3,6773554.59759563,-0.00160773280589999,598700.688031159
58978.4,6773487.04997288,-0.00160982169666686,599463.31765903
58978.5,6773419.41636344,-0.00161158619786836,600225.939655167
58978.6,6773351.69676963,-0.00161320572438569,600988.554008874
58978.7,6773283.8911915,-0.00161477858186168,601751.160710433
58978.8,6773215.99963075,-0.00161646892686376,602513.759750194
58978.9,6773148.02208735,-0.00161877112129507,603276.351118363
58979,6773079.9585615,-0.00162171152944513,604038.934805055
58979.1,6773011.80905247,-0.00162401403567187,604801.510800265
58979.2,6772943.57356483,-0.00162446145387715,605564.079095036
58979.3,6772875.25210106,-0.00162585345132504,606326.639680692
58979.4,6772806.8446595,-0.00162804472242282,607089.192547604
58979.5,6772738.35124003,-0.0016298405370299,607851.737685695
58979.6,6772669.77184492,-0.00163152162391662,608614.27508424
58979.7,6772601.10647426,-0.00163313930597045,609376.804733573
58979.8,6772532.35512974,-0.00163490196376631,610139.326624019
58979.9,6772463.5178113,-0.00163727579279305,610901.840745798
58980,6772394.59451914,-0.0016403087526385,611664.347089003
58980.1,6772325.58525263,-0.00164263400013207,612426.84564365
58980.2,6772256.49001648,-0.00164316359430253,613189.3364008
58980.3,6772187.30881291,-0.00164467245467947,613951.819351768
58980.4,6772118.04164032,-0.00164697799260874,614714.294486936
58980.5,6772048.68849871,-0.00164882988252641,615476.76179621
58980.6,6771979.24939031,-0.0016505997398998,616239.221268833
58980.7,6771909.72431525,-0.00165229737117615,617001.672895181
58980.8,6771840.11327518,-0.00165416587798071,617764.116665561
58980.9,6771770.41627003,-0.00165663648604549,618526.552570214
58981,6771700.63329999,-0.00165977455229021,619288.980599208
58981.1,6771630.76436456,-0.00166213320087303,620051.400742587
58981.2,6771560.80946856,-0.0016627779229954,620813.81299142
58981.3,6771490.76861394,-0.00166440894201027,621576.217337004
58981.4,6771420.6417992,-0.00166683486729587,622338.613769736
58981.5,6771350.42902444,-0.0016687633434355,623101.002279511
58981.6,6771280.13029184,-0.00167064568587412,623863.382855548
58981.7,6771209.74560156,-0.00167245565661302,624625.755488247
58981.8,6771139.27495525,-0.00167446081209824,625388.120167906
58981.9,6771068.71835282,-0.00167705113377693,626150.476884793
58982,6770998.07579444,-0.00168030686996485,626912.825628948
58982.1,6770927.34727974,-0.00168272429405666,627675.16639045
58982.2,6770856.53281363,-0.0016835209383722,628437.499160368
58982.3,6770785.63239785,-0.0016852869785791,629199.823929971
58982.4,6770714.64603091,-0.00168784723267654,629962.140689669
58982.5,6770643.57371309,-0.00168988088084334,630724.449429359
58982.6,6770572.41544647,-0.00169190843826456,631486.750138238
58982.7,6770501.17123127,-0.00169387372040111,632249.042806723
58982.8,6770429.84106911,-0.00169605697378766,633011.327425107
58982.9,6770358.4249599,-0.00169880498828326,633773.603983686
58983,6770286.92290381,-0.00170221312115658,634535.872472474
58983.1,6770215.33490059,-0.00170475685364705,635298.132881584
58983.2,6770143.6609552,-0.00170576233330989,636060.385202088
58983.3,6770071.9010692,-0.00170771120918526,636822.629425221
58983.4,6770000.05524116,-0.00171045484926165,637584.865541392
58983.5,6769928.12347144,-0.00171265324726473,638347.093540511
58983.6,6769856.10576207,-0.00171488710615546,639109.313411763
58983.7,6769784.00211329,-0.00171707647159168,639871.525145572
58983.8,6769711.81252675,-0.00171950501522519,640633.728732231
58983.9,6769639.53700235,-0.0017224799013535,641395.924162065
58984,6769567.17554024,-0.00172611167707993,642158.111425058
58984.1,6769494.72814028,-0.00172888379648816,642920.290511362
58984.2,6769422.19480747,-0.00173017464596945,643682.461412054
58984.3,6769349.57554329,-0.00173239128363652,644444.624118335
58984.4,6769276.87034626,-0.00173540062582461,645206.778620597
58984.5,6769204.07921687,-0.00173785031804367,645968.924908771
58984.6,6769131.20215705,-0.00174036937206491,646731.062972032
58984.7,6769058.2391671,-0.00174285821479151,647493.192800812
58984.8,6768985.19024867,-0.00174560540336054,648255.314385404
58984.9,6768912.0554017,-0.00174888525825047,649017.427716161
58985,6768838.8346263,-0.00175282112154925,649779.532783041
58985.1,6768765.52792239,-0.00175589920792896,650541.629576223
58985.2,6768692.13529509,-0.00175753537965179,651303.71808681
58985.3,6768618.65674578,-0.00176010320825704,652065.798305962
58985.4,6768545.09227289,-0.00176345296909765,652827.870224042
58985.5,6768471.44187709,-0.0017662291928159,653589.93383101
58985.6,6768397.70556017,-0.00176909096632923,654351.989116026
58985.7,6768323.88332249,-0.00177191806086098,655114.03606953
58985.8,6768249.97516574,-0.00177502061898613,655876.074681821
58985.9,6768175.98108987,-0.00177864685493909,656638.104943276
58986,6768101.90109495,-0.00178292799098581,657400.126843831
58986.1,6768027.73518095,-0.00178631447320575,658162.140373686
58986.2,6767953.48335314,-0.00178830263582199,658924.145523974
58986.3,6767879.14561279,-0.00179126068898311,659686.142285828
58986.4,6767804.72195827,-0.00179497836344107,660448.130649566
58986.5,6767730.21239036,-0.00179810825149768,661210.110605177
58986.6,6767655.61691079,-0.00180131767083824,661972.082141805
58986.7,6767580.93551991,-0.00180446044298781,662734.0452499
58986.8,6767506.16821948,-0.00180789502304873,663495.999919769
58986.9,6767431.31500946,-0.00181184833033395,664257.946141812
58987,6767356.3758899,-0.00181645217929896,665019.883905942
58987.1,6767281.35086079,-0.00182008299067066,665781.813202378
58987.2,6767206.23992759,-0.00182237912812614,666543.734022288
58987.3,6767131.04309138,-0.00182571262691536,667305.646356785
58987.4,6767055.76035055,-0.00182977477649429,668067.550196137
58987.5,6766980.39170596,-0.00183323410909241,668829.445530359
58987.6,6766904.93715927,-0.00183674512778512,669591.332348578
58987.7,6766829.39671087,-0.00184013223899791,670353.210641262
58987.8,6766753.77036255,-0.00184382851287222,671115.080398718
58987.9,6766678.05811429,-0.00184804185849325,671876.941611364
58988,6766602.25996607,-0.00185289531450182,672638.794269101
58988.1,6766526.375918,-0.00185668180863354,673400.638362155
58988.2,6766450.40597565,-0.00185921960920806,674162.473881735
58988.3,6766374.35013993,-0.00186287525187014,674924.300818944
58988.4,6766298.20840921,-0.00186722485615722,675686.119163995
58988.5,6766221.9807845,-0.001870956508962,676447.928906925
58988.6,6766145.66726738,-0.00187469514363803,677209.730036855
58988.7,6766069.26785828,-0.00187823716664356,677971.522544271
58988.8,6765992.782559,-0.00188210777409195,678733.30641947
58988.9,6765916.21136953,-0.00188649547373289,679495.081652885
58989,6765839.55428982,-0.00189150547479024,680256.848234405
58989.1,6765762.81132008,-0.00189536050668232,681018.606154261
58989.2,6765685.98246596,-0.00189806918135152,681780.355403708
58989.3,6765609.06772817,-0.00190196842498335,682542.095973839
58989.4,6765532.06710513,-0.00190652471992529,683303.82785482
58989.5,6765454.98059798,-0.00191045033664107,684065.551036698
58989.6,6765377.80820825,-0.00191433487970629,684827.265508608
58989.7,6765300.54993641,-0.00191794922427092,685588.971261057
58989.8,6765223.20578425,-0.0019219140318606,686350.668284314
58989.9,6765145.77575176,-0.00192639583890408,687112.356568819
58990,6765068.25983885,-0.00193147615385541,687874.036104455
58990.1,6764990.65804586,-0.00193532094791766,688635.706881456
58990.2,6764912.97037847,-0.00193812996150047,689397.368891126
58990.3,6764835.1968372,-0.00194218045806576,690159.022124543
58990.4,6764757.33742054,-0.00194684553623182,690920.666571838
58990.5,6764679.39212975,-0.00195087053179056,691682.302223059
58990.6,6764601.36096635,-0.00195482118631843,692443.929067369
58990.7,6764523.24393087,-0.00195844351799917,693205.547095302
58990.8,6764445.041025,-0.0019624409836696,693967.15629708
58990.9,6764366.75224879,-0.001966954836883,694728.756663148
58991,6764288.3776021,-0.00197204034539317,695490.348183385
58991.1,6764209.91708539,-0.00197581086946696,696251.930848027
58991.2,6764131.37070436,-0.00197865703835445,697013.504648434
58991.3,6764052.73845932,-0.00198277129538512,697775.06957566
58991.4,6763974.02034887,-0.00198744740886294,698536.625619808
58991.5,6763895.21637438,-0.00199147410334469,699298.172770919
58991.6,6763816.32653738,-0.00199541663864008,700059.711018197
58991.7,6763737.35083842,-0.00199899760157325,700821.240352199
58991.8,6763658.28927916,-0.00200298127451083,701582.760763099
58991.9,6763579.14185962,-0.00200748119224104,702344.272241338
58992,6763499.90857965,-0.0020125258511228,703105.7747768
58992.1,6763420.58943985,-0.00201617340640078,703867.26835972
58992.2,6763341.18444589,-0.00201900198611699,704628.752981518
58992.3,6763261.69359792,-0.00202310721009584,705390.228633217
58992.4,6763182.11689463,-0.00202770937039222,706151.695304902
58992.5,6763102.4543375,-0.00203164867145263,706913.152986598
58992.6,6763022.70592805,-0.00203551087338457,707674.601667547
58992.7,6762942.87166688,-0.00203899824295746,708436.041338334
58992.8,6762862.95155558,-0.00204291815520025,709197.471989083
58992.9,6762782.9455942,-0.0020473557285254,709958.893610232
58993,6762702.85378256,-0.00205231374742603,710720.306191667
58993.1,6762622.67612138,-0.00205578664963715,711481.70972363
58993.2,6762542.41261629,-0.0020585317273091,712243.104197601
58993.3,6762462.06326731,-0.00206255235313558,713004.489604566
58993.4,6762381.62807323,-0.00206699544126334,713765.865934604
58993.5,6762301.10703562,-0.00207075722587726,714527.23317771
58993.6,6762220.50015599,-0.00207445494346337,715288.591323165
58993.7,6762139.80743498,-0.0020777714216778,716049.940361577
58993.8,6762059.02887411,-0.00208155100745762,716811.280283028
58993.9,6761978.16447346,-0.00208585168129329,717572.611077949
58994,6761897.21423284,-0.00209065185779625,718333.932736233
58994.1,6761816.1781531,-0.00209387021776594,719095.245248128
58994.2,6761735.0562398,-0.00209643051940234,719856.548605174
58994.3,6761653.84849284,-0.00210026067878402,720617.842798322
58994.4,6761572.55491112,-0.00210443645501826,721379.127817648
58994.5,6761491.1754963,-0.00210790999410574,722140.403653108
58994.6,6761409.71024988,-0.00211133406449624,722901.670294027
58994.7,6761328.15917253,-0.0021143693349176,723662.927731028
58994.8,6761246.52226568,-0.00211789696602755,724424.175954158
58994.9,6761164.79952948,-0.00212195131379993,725185.414953838
58995,6761082.99096368,-0.00212648512257496,725946.644719968
58995.1,6761001.09656933,-0.00212933486109485,726707.865242807
58995.2,6760919.11635187,-0.00213157521122077,727469.076513952
58995.3,6760837.05031111,-0.00213507632430108,728230.278524319
58995.4,6760754.89844606,-0.0021388534089436,728991.471263986
58995.5,6760672.66075847,-0.0021419093682699,729752.654722863
58995.6,6760590.33724979,-0.00214493262703856,730513.828890319
58995.7,6760507.92792073,-0.00214755937492433,731274.993756991
58995.8,6760425.43277267,-0.00215070468254771,732036.149312894
58995.9,6760342.85180578,-0.00215438507718376,732797.295548437
58996,6760260.18501978,-0.002158523066958,733558.432453526
58996.1,6760177.43241592,-0.00216087845914841,734319.560018445
58996.2,6760094.59399954,-0.00216266035398365,735080.678234833
58996.3,6760011.66977032,-0.00216569033251984,735841.787093573
58996.4,6759928.65972741,-0.00216894101382199,736602.886584748
58996.5,6759845.56387264,-0.00217145895607693,737363.976698217
58996.6,6759762.38220739,-0.00217396400531551,738125.057423394
58996.7,6759679.11473245,-0.0021760679820808,738886.128750928
58996.8,6759595.76144908,-0.00217871298801836,739647.190670809
58996.9,6759512.32235752,-0.00218190463692184,740408.24317343
58997,6759428.79745746,-0.0021855293478287,741169.286248704
58997.1,6759345.18675036,-0.00218728693830221,741930.319886953
58997.2,6759261.49024145,-0.00218850354893447,742691.344079842
58997.3,6759177.70793027,-0.00219095037146476,743452.358818221
58997.4,6759093.83981614,-0.00219357855560107,744213.36409218
58997.5,6759009.88590091,-0.00219547259720198,744974.359891525
58997.6,6758925.84618595,-0.00219737838121412,745735.346205715
58997.7,6758841.72067207,-0.00219888293881113,746496.323025406
58997.8,6758757.50936047,-0.00220094723899412,747257.290340571
58997.9,6758673.2122514,-0.00220357161222399,748018.248141592
58998,6758588.82934455,-0.00220659946483102,748779.196418384
58998.1,6758504.36064161,-0.00220769865014494,749540.135161319
58998.2,6758419.80614772,-0.0022082935825625,750301.064362072
58998.3,6758335.16586223,-0.00221009110933261,751061.98401146
58998.4,6758250.43978461,-0.00221204572742765,751822.894099579
58998.5,6758165.6279168,-0.00221327381946465,752583.794616189
58998.6,6758080.73026009,-0.00221454693332911,753344.685550783
58998.7,6757995.74681535,-0.00221542414736671,754105.566894025
58998.8,6757910.67758371,-0.00221687556012971,754866.438635884
58998.9,6757825.52256544,-0.00221889869491241,755627.300766727
58999,6757740.28176021,-0.00222128781691735,756388.153276477
58999.1,6757654.95516997,-0.0022217175625094,757148.996155558
58999.2,6757569.54279972,-0.00222169211764867,757909.829395641
58999.3,6757484.04464869,-0.00222282827658995,758670.652987506
58999.4,6757398.46071647,-0.00222411442969423,759431.466921258
58999.5,6757312.79100505,-0.00222468816316291,760192.27118662
58999.6,6757227.03551567,-0.00222535203588456,760953.065773105
58999.7,6757141.19424928,-0.00222563244593703,761713.850671394
58999.8,6757055.2672069,-0.00222649638898499,762474.625871458
58999.9,6756969.25438883,-0.00222793846930565,763235.391363649
59000,6756883.15579475,-0.00222970927007074,763996.147137899
